true_positives,true_negatives,false_positives,false_negatives,samples,accuracy,positive_rate,hit_rate,precision,precision_lift,recall,fpr,jaccard,independent_prob,lift_over_independent,lift_over_majority,concept_entropy,classifier_entropy,mutual_information,comment,classifier,concept,control,control_val
244512,63232,37015,215803,560562,0.55,0.82,0.5,0.87,0.06,0.53,0.37,0.49,0.5,0.09,-0.33,0.68,1.0,0.01,,message_length_avg_better,refactor_mle_avg_better,age_group,New
160222,134084,121305,144951,560562,0.53,0.54,0.5,0.57,0.05,0.53,0.47,0.38,0.5,0.05,-0.04,0.99,1.0,0.0,,message_length_avg_better,commit_hours_better,age_group,New
281504,20,23,279015,560562,0.5,1.0,0.5,1.0,-0.0,0.5,0.53,0.5,0.5,-0.0,-0.5,0.0,1.0,0.0,,message_length_avg_better,owned_repository_avg_better,age_group,New
172920,139557,108607,139478,560562,0.56,0.56,0.5,0.61,0.1,0.55,0.44,0.41,0.5,0.11,0.0,0.99,1.0,0.01,,message_length_avg_better,files_edited_avg_better,age_group,New
176796,50287,104731,228748,560562,0.41,0.72,0.5,0.63,-0.13,0.44,0.68,0.35,0.5,-0.19,-0.44,0.85,1.0,0.03,,message_length_avg_better,ccp_avg_better,age_group,New
131720,153301,149807,125734,560562,0.51,0.46,0.5,0.47,0.02,0.51,0.49,0.32,0.5,0.02,-0.06,1.0,1.0,0.0,,message_length_avg_better,same_date_duration_avg_avg_better,age_group,New
150712,141376,130815,137659,560562,0.52,0.51,0.5,0.54,0.04,0.52,0.48,0.36,0.5,0.04,0.01,1.0,1.0,0.0,,message_length_avg_better,commit_period_avg_better,age_group,New
154835,146458,126692,132577,560562,0.54,0.51,0.5,0.55,0.07,0.54,0.46,0.37,0.5,0.07,0.05,1.0,1.0,0.0,,message_length_avg_better,commit_days_avg_better,age_group,New
244512,63232,215803,37015,560562,0.55,0.5,0.82,0.53,0.06,0.87,0.77,0.49,0.5,0.09,0.09,1.0,0.68,0.01,,refactor_mle_avg_better,message_length_avg_better,age_group,New
254891,49965,205424,50282,560562,0.54,0.54,0.82,0.55,0.02,0.84,0.8,0.5,0.53,0.03,-0.0,0.99,0.68,0.0,,refactor_mle_avg_better,commit_hours_better,age_group,New
460283,11,32,100236,560562,0.82,1.0,0.82,1.0,0.0,0.82,0.74,0.82,0.82,0.0,-0.18,0.0,0.68,0.0,,refactor_mle_avg_better,owned_repository_avg_better,age_group,New
262219,50068,198096,50179,560562,0.56,0.56,0.82,0.57,0.02,0.84,0.8,0.51,0.54,0.04,-0.0,0.99,0.68,0.0,,refactor_mle_avg_better,files_edited_avg_better,age_group,New
331082,25785,129233,74462,560562,0.64,0.72,0.82,0.72,-0.01,0.82,0.83,0.62,0.64,-0.01,-0.12,0.85,0.68,0.0,,refactor_mle_avg_better,ccp_avg_better,age_group,New
209258,52051,251057,48196,560562,0.47,0.46,0.82,0.45,-0.01,0.81,0.83,0.41,0.47,-0.02,-0.14,1.0,0.68,0.0,,refactor_mle_avg_better,same_date_duration_avg_avg_better,age_group,New
231409,43285,228906,56962,560562,0.49,0.51,0.82,0.5,-0.02,0.8,0.84,0.45,0.51,-0.04,-0.05,1.0,0.68,0.0,,refactor_mle_avg_better,commit_period_avg_better,age_group,New
235021,47856,225294,52391,560562,0.5,0.51,0.82,0.51,-0.0,0.82,0.82,0.46,0.51,-0.01,-0.02,1.0,0.68,0.0,,refactor_mle_avg_better,commit_days_avg_better,age_group,New
160222,134084,144951,121305,560562,0.53,0.5,0.54,0.53,0.05,0.57,0.52,0.38,0.5,0.05,0.05,1.0,0.99,0.0,,commit_hours_better,message_length_avg_better,age_group,New
254891,49965,50282,205424,560562,0.54,0.82,0.54,0.84,0.02,0.55,0.5,0.5,0.53,0.03,-0.34,0.68,0.99,0.0,,commit_hours_better,refactor_mle_avg_better,age_group,New
305152,22,21,255367,560562,0.54,1.0,0.54,1.0,0.0,0.54,0.49,0.54,0.54,0.0,-0.46,0.0,0.99,0.0,,commit_hours_better,owned_repository_avg_better,age_group,New
198602,141593,106571,113796,560562,0.61,0.56,0.54,0.65,0.17,0.64,0.43,0.47,0.51,0.2,0.09,0.99,0.99,0.03,,commit_hours_better,files_edited_avg_better,age_group,New
209687,59532,95486,195857,560562,0.48,0.72,0.54,0.69,-0.05,0.52,0.62,0.42,0.52,-0.08,-0.34,0.85,0.99,0.01,,commit_hours_better,ccp_avg_better,age_group,New
110724,108659,194449,146730,560562,0.39,0.46,0.54,0.36,-0.21,0.43,0.64,0.25,0.5,-0.21,-0.28,1.0,0.99,0.03,,commit_hours_better,same_date_duration_avg_avg_better,age_group,New
198415,165433,106758,89956,560562,0.65,0.51,0.54,0.65,0.26,0.69,0.39,0.5,0.5,0.29,0.26,1.0,0.99,0.06,,commit_hours_better,commit_period_avg_better,age_group,New
224445,192422,80728,62967,560562,0.74,0.51,0.54,0.74,0.43,0.78,0.3,0.61,0.5,0.48,0.45,1.0,0.99,0.18,,commit_hours_better,commit_days_avg_better,age_group,New
242528,39302,25038,212028,518896,0.54,0.88,0.52,0.91,0.03,0.53,0.39,0.51,0.51,0.06,-0.38,0.54,1.0,0.01,,message_length_avg_better,refactor_mle_avg_better,age_group,Old
157753,120433,109813,130897,518896,0.54,0.56,0.52,0.59,0.06,0.55,0.48,0.4,0.5,0.07,-0.04,0.99,1.0,0.0,,message_length_avg_better,commit_hours_better,age_group,Old
267371,184,195,251146,518896,0.52,1.0,0.52,1.0,0.0,0.52,0.51,0.52,0.52,0.0,-0.48,0.01,1.0,0.0,,message_length_avg_better,owned_repository_avg_better,age_group,Old
160812,113049,106754,138281,518896,0.53,0.58,0.52,0.6,0.04,0.54,0.49,0.4,0.5,0.05,-0.08,0.98,1.0,0.0,,message_length_avg_better,files_edited_avg_better,age_group,Old
210458,30729,57108,220601,518896,0.46,0.83,0.52,0.79,-0.05,0.49,0.65,0.43,0.51,-0.09,-0.44,0.66,1.0,0.01,,message_length_avg_better,ccp_avg_better,age_group,Old
128248,132985,139318,118345,518896,0.5,0.48,0.52,0.48,0.01,0.52,0.51,0.33,0.5,0.01,-0.04,1.0,1.0,0.0,,message_length_avg_better,same_date_duration_avg_avg_better,age_group,Old
143022,115772,124544,135558,518896,0.5,0.54,0.52,0.53,-0.0,0.51,0.52,0.35,0.5,-0.0,-0.07,1.0,1.0,0.0,,message_length_avg_better,commit_period_avg_better,age_group,Old
149417,127215,118149,124115,518896,0.53,0.53,0.52,0.56,0.06,0.55,0.48,0.38,0.5,0.06,0.01,1.0,1.0,0.0,,message_length_avg_better,commit_days_avg_better,age_group,Old
242528,39302,212028,25038,518896,0.54,0.52,0.88,0.53,0.03,0.91,0.84,0.51,0.51,0.06,0.05,1.0,0.54,0.01,,refactor_mle_avg_better,message_length_avg_better,age_group,Old
256777,32467,197779,31873,518896,0.56,0.56,0.88,0.56,0.02,0.89,0.86,0.53,0.54,0.03,0.0,0.99,0.54,0.0,,refactor_mle_avg_better,commit_hours_better,age_group,Old
454374,197,182,64143,518896,0.88,1.0,0.88,1.0,0.0,0.88,0.48,0.88,0.88,0.0,-0.12,0.01,0.54,0.0,,refactor_mle_avg_better,owned_repository_avg_better,age_group,Old
268738,33985,185818,30355,518896,0.58,0.58,0.88,0.59,0.03,0.9,0.85,0.55,0.56,0.05,0.01,0.98,0.54,0.0,,refactor_mle_avg_better,files_edited_avg_better,age_group,Old
389540,22821,65016,41519,518896,0.79,0.83,0.88,0.86,0.03,0.9,0.74,0.79,0.75,0.06,-0.04,0.66,0.54,0.02,,refactor_mle_avg_better,ccp_avg_better,age_group,Old
212904,30651,241652,33689,518896,0.47,0.48,0.88,0.47,-0.01,0.86,0.89,0.44,0.48,-0.02,-0.11,1.0,0.54,0.0,,refactor_mle_avg_better,same_date_duration_avg_avg_better,age_group,Old
245454,31214,209102,33126,518896,0.53,0.54,0.88,0.54,0.01,0.88,0.87,0.5,0.53,0.01,-0.01,1.0,0.54,0.0,,refactor_mle_avg_better,commit_period_avg_better,age_group,Old
243671,34479,210885,29861,518896,0.54,0.53,0.88,0.54,0.02,0.89,0.86,0.5,0.52,0.03,0.02,1.0,0.54,0.0,,refactor_mle_avg_better,commit_days_avg_better,age_group,Old
157753,120433,130897,109813,518896,0.54,0.52,0.56,0.55,0.06,0.59,0.52,0.4,0.5,0.07,0.04,1.0,0.99,0.0,,commit_hours_better,message_length_avg_better,age_group,Old
256777,32467,31873,197779,518896,0.56,0.88,0.56,0.89,0.02,0.56,0.5,0.53,0.54,0.03,-0.36,0.54,0.99,0.0,,commit_hours_better,refactor_mle_avg_better,age_group,Old
288495,224,155,230022,518896,0.56,1.0,0.56,1.0,0.0,0.56,0.41,0.56,0.56,0.0,-0.44,0.01,0.99,0.0,,commit_hours_better,owned_repository_avg_better,age_group,Old
203233,134386,85417,95860,518896,0.65,0.58,0.56,0.7,0.22,0.68,0.39,0.53,0.51,0.28,0.13,0.98,0.99,0.06,,commit_hours_better,files_edited_avg_better,age_group,Old
232937,32124,55713,198122,518896,0.51,0.83,0.56,0.81,-0.03,0.54,0.63,0.48,0.54,-0.05,-0.39,0.66,0.99,0.0,,commit_hours_better,ccp_avg_better,age_group,Old
109930,93583,178720,136663,518896,0.39,0.48,0.56,0.38,-0.2,0.45,0.66,0.26,0.5,-0.21,-0.25,1.0,0.99,0.03,,commit_hours_better,same_date_duration_avg_avg_better,age_group,Old
190746,142412,97904,87834,518896,0.64,0.54,0.56,0.66,0.23,0.68,0.41,0.51,0.5,0.27,0.2,1.0,0.99,0.06,,commit_hours_better,commit_period_avg_better,age_group,Old
218458,175172,70192,55074,518896,0.76,0.53,0.56,0.76,0.44,0.8,0.29,0.64,0.5,0.51,0.44,1.0,0.99,0.2,,commit_hours_better,commit_days_avg_better,age_group,Old
988276,79280,36321,941115,2044992,0.52,0.94,0.5,0.96,0.02,0.51,0.31,0.5,0.5,0.04,-0.45,0.31,1.0,0.01,,message_length_avg_better,refactor_mle_avg_better,age_group,Medium
575905,507247,448692,513148,2044992,0.53,0.53,0.5,0.56,0.06,0.53,0.47,0.37,0.5,0.06,-0.01,1.0,1.0,0.0,,message_length_avg_better,commit_hours_better,age_group,Medium
1024293,178,304,1020217,2044992,0.5,1.0,0.5,1.0,-0.0,0.5,0.63,0.5,0.5,-0.0,-0.5,0.0,1.0,0.0,,message_length_avg_better,owned_repository_avg_better,age_group,Medium
639330,453587,385267,566808,2044992,0.53,0.59,0.5,0.62,0.06,0.53,0.46,0.4,0.5,0.07,-0.09,0.98,1.0,0.0,,message_length_avg_better,files_edited_avg_better,age_group,Medium
845397,88267,179200,932128,2044992,0.46,0.87,0.5,0.83,-0.05,0.48,0.67,0.43,0.5,-0.09,-0.47,0.56,1.0,0.01,,message_length_avg_better,ccp_avg_better,age_group,Medium
495397,543312,529200,477083,2044992,0.51,0.48,0.5,0.48,0.02,0.51,0.49,0.33,0.5,0.02,-0.03,1.0,1.0,0.0,,message_length_avg_better,same_date_duration_avg_avg_better,age_group,Medium
517856,501699,506741,518696,2044992,0.5,0.51,0.5,0.51,-0.0,0.5,0.5,0.34,0.5,-0.0,-0.02,1.0,1.0,0.0,,message_length_avg_better,commit_period_avg_better,age_group,Medium
554344,537774,470253,482621,2044992,0.53,0.51,0.5,0.54,0.07,0.53,0.47,0.37,0.5,0.07,0.05,1.0,1.0,0.0,,message_length_avg_better,commit_days_avg_better,age_group,Medium
988276,79280,941115,36321,2044992,0.52,0.5,0.94,0.51,0.02,0.96,0.92,0.5,0.5,0.04,0.04,1.0,0.31,0.01,,refactor_mle_avg_better,message_length_avg_better,age_group,Medium
1035778,62326,893613,53275,2044992,0.54,0.53,0.94,0.54,0.01,0.95,0.93,0.52,0.53,0.02,0.01,1.0,0.31,0.0,,refactor_mle_avg_better,commit_hours_better,age_group,Medium
1929070,161,321,115440,2044992,0.94,1.0,0.94,1.0,0.0,0.94,0.67,0.94,0.94,0.0,-0.06,0.0,0.31,0.0,,refactor_mle_avg_better,owned_repository_avg_better,age_group,Medium
1162386,71849,767005,43752,2044992,0.6,0.59,0.94,0.6,0.02,0.96,0.91,0.59,0.58,0.04,0.02,0.98,0.31,0.01,,refactor_mle_avg_better,files_edited_avg_better,age_group,Medium
1685443,23519,243948,92082,2044992,0.84,0.87,0.94,0.87,0.01,0.95,0.91,0.83,0.83,0.01,-0.04,0.56,0.31,0.0,,refactor_mle_avg_better,ccp_avg_better,age_group,Medium
916118,59239,1013273,56362,2044992,0.48,0.48,0.94,0.47,-0.0,0.94,0.94,0.46,0.48,-0.0,-0.09,1.0,0.31,0.0,,refactor_mle_avg_better,same_date_duration_avg_avg_better,age_group,Medium
980122,59171,949269,56430,2044992,0.51,0.51,0.94,0.51,0.0,0.95,0.94,0.49,0.51,0.0,0.0,1.0,0.31,0.0,,refactor_mle_avg_better,commit_period_avg_better,age_group,Medium
988774,67410,940617,48191,2044992,0.52,0.51,0.94,0.51,0.01,0.95,0.93,0.5,0.51,0.02,0.02,1.0,0.31,0.0,,refactor_mle_avg_better,commit_days_avg_better,age_group,Medium
575905,507247,513148,448692,2044992,0.53,0.5,0.53,0.53,0.06,0.56,0.5,0.37,0.5,0.06,0.06,1.0,1.0,0.0,,commit_hours_better,message_length_avg_better,age_group,Medium
1035778,62326,53275,893613,2044992,0.54,0.94,0.53,0.95,0.01,0.54,0.46,0.52,0.53,0.02,-0.43,0.31,1.0,0.0,,commit_hours_better,refactor_mle_avg_better,age_group,Medium
1088807,236,246,955703,2044992,0.53,1.0,0.53,1.0,0.0,0.53,0.51,0.53,0.53,0.0,-0.47,0.0,1.0,0.0,,commit_hours_better,owned_repository_avg_better,age_group,Medium
756023,505824,333030,450115,2044992,0.62,0.59,0.53,0.69,0.18,0.63,0.4,0.49,0.51,0.22,0.05,0.98,1.0,0.04,,commit_hours_better,files_edited_avg_better,age_group,Medium
917627,96041,171426,859898,2044992,0.5,0.87,0.53,0.84,-0.03,0.52,0.64,0.47,0.52,-0.05,-0.43,0.56,1.0,0.01,,commit_hours_better,ccp_avg_better,age_group,Medium
377798,361257,711255,594682,2044992,0.36,0.48,0.53,0.35,-0.27,0.39,0.66,0.22,0.5,-0.27,-0.31,1.0,1.0,0.06,,commit_hours_better,same_date_duration_avg_avg_better,age_group,Medium
660929,580316,428124,375623,2044992,0.61,0.51,0.53,0.61,0.2,0.64,0.42,0.45,0.5,0.21,0.2,1.0,1.0,0.03,,commit_hours_better,commit_period_avg_better,age_group,Medium
779442,698416,309611,257523,2044992,0.72,0.51,0.53,0.72,0.41,0.75,0.31,0.58,0.5,0.44,0.43,1.0,1.0,0.15,,commit_hours_better,commit_days_avg_better,age_group,Medium
23826,5408,3885,13413,46532,0.63,0.8,0.6,0.86,0.07,0.64,0.42,0.58,0.56,0.13,-0.21,0.72,0.97,0.02,,message_length_avg_better,refactor_mle_avg_better,age_group,Pre GitHub
19759,7287,7952,11534,46532,0.58,0.67,0.6,0.71,0.06,0.63,0.52,0.5,0.53,0.09,-0.14,0.91,0.97,0.01,,message_length_avg_better,commit_hours_better,age_group,Pre GitHub
27677,5,34,18816,46532,0.59,1.0,0.6,1.0,-0.0,0.6,0.87,0.59,0.6,-0.0,-0.4,0.01,0.97,0.0,,message_length_avg_better,owned_repository_avg_better,age_group,Pre GitHub
18767,7317,8944,11504,46532,0.56,0.65,0.6,0.68,0.04,0.62,0.55,0.48,0.53,0.06,-0.14,0.93,0.97,0.0,,message_length_avg_better,files_edited_avg_better,age_group,Pre GitHub
21119,4014,6592,14807,46532,0.54,0.77,0.6,0.76,-0.01,0.59,0.62,0.5,0.55,-0.02,-0.3,0.77,0.97,0.0,,message_length_avg_better,ccp_avg_better,age_group,Pre GitHub
14283,9663,13428,9158,46532,0.51,0.5,0.6,0.52,0.02,0.61,0.58,0.39,0.5,0.03,0.02,1.0,0.97,0.0,,message_length_avg_better,same_date_duration_avg_avg_better,age_group,Pre GitHub
19193,7501,8518,11320,46532,0.57,0.66,0.6,0.69,0.06,0.63,0.53,0.49,0.53,0.08,-0.13,0.93,0.97,0.01,,message_length_avg_better,commit_period_avg_better,age_group,Pre GitHub
18185,7771,9526,11050,46532,0.56,0.63,0.6,0.66,0.04,0.62,0.55,0.47,0.52,0.06,-0.11,0.95,0.97,0.0,,message_length_avg_better,commit_days_avg_better,age_group,Pre GitHub
23826,5408,13413,3885,46532,0.63,0.6,0.8,0.64,0.07,0.86,0.71,0.58,0.56,0.13,0.05,0.97,0.72,0.02,,refactor_mle_avg_better,message_length_avg_better,age_group,Pre GitHub
26389,4389,10850,4904,46532,0.66,0.67,0.8,0.71,0.05,0.84,0.71,0.63,0.6,0.1,-0.02,0.91,0.72,0.02,,refactor_mle_avg_better,commit_hours_better,age_group,Pre GitHub
37228,28,11,9265,46532,0.8,1.0,0.8,1.0,0.0,0.8,0.28,0.8,0.8,0.0,-0.2,0.01,0.72,0.0,,refactor_mle_avg_better,owned_repository_avg_better,age_group,Pre GitHub
25924,4946,11315,4347,46532,0.66,0.65,0.8,0.7,0.07,0.86,0.7,0.62,0.59,0.12,0.02,0.93,0.72,0.03,,refactor_mle_avg_better,files_edited_avg_better,age_group,Pre GitHub
30773,4140,6466,5153,46532,0.75,0.77,0.8,0.83,0.07,0.86,0.61,0.73,0.66,0.13,-0.03,0.77,0.72,0.04,,refactor_mle_avg_better,ccp_avg_better,age_group,Pre GitHub
18827,4679,18412,4614,46532,0.51,0.5,0.8,0.51,0.0,0.8,0.8,0.45,0.5,0.01,0.0,1.0,0.72,0.0,,refactor_mle_avg_better,same_date_duration_avg_avg_better,age_group,Pre GitHub
25339,4119,11900,5174,46532,0.63,0.66,0.8,0.68,0.04,0.83,0.74,0.6,0.59,0.07,-0.03,0.93,0.72,0.01,,refactor_mle_avg_better,commit_period_avg_better,age_group,Pre GitHub
24644,4702,12595,4591,46532,0.63,0.63,0.8,0.66,0.05,0.84,0.73,0.59,0.58,0.09,0.0,0.95,0.72,0.01,,refactor_mle_avg_better,commit_days_avg_better,age_group,Pre GitHub
19759,7287,11534,7952,46532,0.58,0.6,0.67,0.63,0.06,0.71,0.61,0.5,0.53,0.09,-0.02,0.97,0.91,0.01,,commit_hours_better,message_length_avg_better,age_group,Pre GitHub
26389,4389,4904,10850,46532,0.66,0.8,0.67,0.84,0.05,0.71,0.53,0.63,0.6,0.1,-0.17,0.72,0.91,0.02,,commit_hours_better,refactor_mle_avg_better,age_group,Pre GitHub
31274,20,19,15219,46532,0.67,1.0,0.67,1.0,0.0,0.67,0.49,0.67,0.67,0.0,-0.33,0.01,0.91,0.0,,commit_hours_better,owned_repository_avg_better,age_group,Pre GitHub
25245,10213,6048,5026,46532,0.76,0.65,0.67,0.81,0.24,0.83,0.37,0.7,0.55,0.38,0.17,0.93,0.91,0.16,,commit_hours_better,files_edited_avg_better,age_group,Pre GitHub
24871,4184,6422,11055,46532,0.62,0.77,0.67,0.79,0.03,0.69,0.61,0.59,0.59,0.05,-0.19,0.77,0.91,0.0,,commit_hours_better,ccp_avg_better,age_group,Pre GitHub
16220,8018,15073,7221,46532,0.52,0.5,0.67,0.52,0.03,0.69,0.65,0.42,0.5,0.04,0.03,1.0,0.91,0.0,,commit_hours_better,same_date_duration_avg_avg_better,age_group,Pre GitHub
25553,10279,5740,4960,46532,0.77,0.66,0.67,0.82,0.25,0.84,0.36,0.7,0.55,0.39,0.17,0.93,0.91,0.17,,commit_hours_better,commit_period_avg_better,age_group,Pre GitHub
26711,12715,4582,2524,46532,0.85,0.63,0.67,0.85,0.36,0.91,0.26,0.79,0.54,0.56,0.35,0.95,0.91,0.34,,commit_hours_better,commit_days_avg_better,age_group,Pre GitHub
497490,70703,37355,457308,1062856,0.53,0.9,0.5,0.93,0.04,0.52,0.35,0.5,0.5,0.06,-0.4,0.47,1.0,0.01,,message_length_avg_better,refactor_mle_avg_better,language_code,0
309297,264690,225548,263321,1062856,0.54,0.54,0.5,0.58,0.07,0.54,0.46,0.39,0.5,0.08,0.0,1.0,1.0,0.0,,message_length_avg_better,commit_hours_better,language_code,0
534551,216,294,527795,1062856,0.5,1.0,0.5,1.0,-0.0,0.5,0.58,0.5,0.5,-0.0,-0.5,0.01,1.0,0.0,,message_length_avg_better,owned_repository_avg_better,language_code,0
334763,237458,200082,290553,1062856,0.54,0.59,0.5,0.63,0.06,0.54,0.46,0.41,0.5,0.08,-0.08,0.98,1.0,0.0,,message_length_avg_better,files_edited_avg_better,language_code,0
415078,61814,119767,466197,1062856,0.45,0.83,0.5,0.78,-0.06,0.47,0.66,0.41,0.5,-0.11,-0.46,0.66,1.0,0.01,,message_length_avg_better,ccp_avg_better,language_code,0
250960,280637,283885,247374,1062856,0.5,0.47,0.5,0.47,0.0,0.5,0.5,0.32,0.5,0.0,-0.06,1.0,1.0,0.0,,message_length_avg_better,same_date_duration_avg_avg_better,language_code,0
274648,257910,260197,270101,1062856,0.5,0.51,0.5,0.51,0.0,0.5,0.5,0.34,0.5,0.0,-0.02,1.0,1.0,0.0,,message_length_avg_better,commit_period_avg_better,language_code,0
296709,281024,238136,246987,1062856,0.54,0.51,0.5,0.55,0.08,0.55,0.46,0.38,0.5,0.09,0.06,1.0,1.0,0.01,,message_length_avg_better,commit_days_avg_better,language_code,0
497490,70703,457308,37355,1062856,0.53,0.5,0.9,0.52,0.04,0.93,0.87,0.5,0.5,0.06,0.06,1.0,0.47,0.01,,refactor_mle_avg_better,message_length_avg_better,language_code,0
520446,55886,434352,52172,1062856,0.54,0.54,0.9,0.55,0.01,0.91,0.89,0.52,0.53,0.02,0.01,1.0,0.47,0.0,,refactor_mle_avg_better,commit_hours_better,language_code,0
954467,179,331,107879,1062856,0.9,1.0,0.9,1.0,0.0,0.9,0.65,0.9,0.9,0.0,-0.1,0.01,0.47,0.0,,refactor_mle_avg_better,owned_repository_avg_better,language_code,0
574974,57716,379824,50342,1062856,0.6,0.59,0.9,0.6,0.02,0.92,0.87,0.57,0.57,0.04,0.01,0.98,0.47,0.0,,refactor_mle_avg_better,files_edited_avg_better,language_code,0
799292,26075,155506,81983,1062856,0.78,0.83,0.9,0.84,0.01,0.91,0.86,0.77,0.76,0.02,-0.06,0.66,0.47,0.0,,refactor_mle_avg_better,ccp_avg_better,language_code,0
444450,54174,510348,53884,1062856,0.47,0.47,0.9,0.47,-0.01,0.89,0.9,0.44,0.48,-0.01,-0.12,1.0,0.47,0.0,,refactor_mle_avg_better,same_date_duration_avg_avg_better,language_code,0
491382,54691,463416,53367,1062856,0.51,0.51,0.9,0.51,0.0,0.9,0.89,0.49,0.51,0.01,0.0,1.0,0.47,0.0,,refactor_mle_avg_better,commit_period_avg_better,language_code,0
494654,59016,460144,49042,1062856,0.52,0.51,0.9,0.52,0.01,0.91,0.89,0.49,0.51,0.02,0.02,1.0,0.47,0.0,,refactor_mle_avg_better,commit_days_avg_better,language_code,0
309297,264690,263321,225548,1062856,0.54,0.5,0.54,0.54,0.07,0.58,0.5,0.39,0.5,0.08,0.07,1.0,1.0,0.0,,commit_hours_better,message_length_avg_better,language_code,0
520446,55886,52172,434352,1062856,0.54,0.9,0.54,0.91,0.01,0.55,0.48,0.52,0.53,0.02,-0.4,0.47,1.0,0.0,,commit_hours_better,refactor_mle_avg_better,language_code,0
572397,289,221,489949,1062856,0.54,1.0,0.54,1.0,0.0,0.54,0.43,0.54,0.54,0.0,-0.46,0.01,1.0,0.0,,commit_hours_better,owned_repository_avg_better,language_code,0
405088,270010,167530,220228,1062856,0.64,0.59,0.54,0.71,0.2,0.65,0.38,0.51,0.51,0.25,0.08,0.98,1.0,0.05,,commit_hours_better,files_edited_avg_better,language_code,0
456528,65491,116090,424747,1062856,0.49,0.83,0.54,0.8,-0.04,0.52,0.64,0.46,0.53,-0.07,-0.41,0.66,1.0,0.01,,commit_hours_better,ccp_avg_better,language_code,0
199139,191043,373479,299195,1062856,0.37,0.47,0.54,0.35,-0.26,0.4,0.66,0.23,0.5,-0.26,-0.31,1.0,1.0,0.05,,commit_hours_better,same_date_duration_avg_avg_better,language_code,0
353826,299315,218792,190923,1062856,0.61,0.51,0.54,0.62,0.21,0.65,0.42,0.46,0.5,0.23,0.2,1.0,1.0,0.04,,commit_hours_better,commit_period_avg_better,language_code,0
418794,365336,153824,124902,1062856,0.74,0.51,0.54,0.73,0.43,0.77,0.3,0.6,0.5,0.47,0.44,1.0,1.0,0.17,,commit_hours_better,commit_days_avg_better,language_code,0
16116,5254,3585,8379,33334,0.64,0.73,0.59,0.82,0.11,0.66,0.41,0.57,0.54,0.18,-0.13,0.83,0.98,0.04,,message_length_avg_better,refactor_mle_avg_better,language_code,1
16124,3518,3577,10115,33334,0.59,0.79,0.59,0.82,0.04,0.61,0.5,0.54,0.55,0.07,-0.25,0.75,0.98,0.01,,message_length_avg_better,commit_hours_better,language_code,1
19647,14,54,13619,33334,0.59,1.0,0.59,1.0,-0.0,0.59,0.79,0.59,0.59,-0.0,-0.41,0.02,0.98,0.0,,message_length_avg_better,owned_repository_avg_better,language_code,1
15196,4378,4505,9255,33334,0.59,0.73,0.59,0.77,0.05,0.62,0.51,0.52,0.54,0.08,-0.2,0.84,0.98,0.01,,message_length_avg_better,files_edited_avg_better,language_code,1
13986,3373,5715,10260,33334,0.52,0.73,0.59,0.71,-0.02,0.58,0.63,0.47,0.54,-0.04,-0.28,0.85,0.98,0.0,,message_length_avg_better,ccp_avg_better,language_code,1
12848,5667,6853,7966,33334,0.56,0.62,0.59,0.65,0.04,0.62,0.55,0.46,0.52,0.06,-0.11,0.95,0.98,0.0,,message_length_avg_better,same_date_duration_avg_avg_better,language_code,1
16286,3642,3415,9991,33334,0.6,0.79,0.59,0.83,0.05,0.62,0.48,0.55,0.55,0.08,-0.24,0.74,0.98,0.01,,message_length_avg_better,commit_period_avg_better,language_code,1
14986,4444,4715,9189,33334,0.58,0.73,0.59,0.76,0.05,0.62,0.51,0.52,0.54,0.08,-0.2,0.85,0.98,0.01,,message_length_avg_better,commit_days_avg_better,language_code,1
16116,5254,8379,3585,33334,0.64,0.59,0.73,0.66,0.11,0.82,0.61,0.57,0.54,0.18,0.08,0.98,0.83,0.04,,refactor_mle_avg_better,message_length_avg_better,language_code,1
20431,3031,4064,5808,33334,0.7,0.79,0.73,0.83,0.06,0.78,0.57,0.67,0.63,0.11,-0.11,0.75,0.83,0.02,,refactor_mle_avg_better,commit_hours_better,language_code,1
24454,27,41,8812,33334,0.73,1.0,0.73,1.0,0.0,0.74,0.6,0.73,0.73,0.0,-0.26,0.02,0.83,0.0,,refactor_mle_avg_better,owned_repository_avg_better,language_code,1
19430,3818,5065,5021,33334,0.7,0.73,0.73,0.79,0.08,0.79,0.57,0.66,0.61,0.14,-0.05,0.84,0.83,0.03,,refactor_mle_avg_better,files_edited_avg_better,language_code,1
19460,4053,5035,4786,33334,0.71,0.73,0.73,0.79,0.09,0.8,0.55,0.66,0.61,0.16,-0.03,0.85,0.83,0.04,,refactor_mle_avg_better,ccp_avg_better,language_code,1
15917,3942,8578,4897,33334,0.6,0.62,0.73,0.65,0.04,0.76,0.69,0.54,0.56,0.07,-0.05,0.95,0.83,0.01,,refactor_mle_avg_better,same_date_duration_avg_avg_better,language_code,1
20560,3122,3935,5717,33334,0.71,0.79,0.73,0.84,0.06,0.78,0.56,0.68,0.64,0.12,-0.1,0.74,0.83,0.03,,refactor_mle_avg_better,commit_period_avg_better,language_code,1
19088,3752,5407,5087,33334,0.69,0.73,0.73,0.78,0.07,0.79,0.59,0.65,0.61,0.13,-0.06,0.85,0.83,0.03,,refactor_mle_avg_better,commit_days_avg_better,language_code,1
16124,3518,10115,3577,33334,0.59,0.59,0.79,0.61,0.04,0.82,0.74,0.54,0.55,0.07,-0.0,0.98,0.75,0.01,,commit_hours_better,message_length_avg_better,language_code,1
20431,3031,5808,4064,33334,0.7,0.73,0.79,0.78,0.06,0.83,0.66,0.67,0.63,0.11,-0.04,0.83,0.75,0.02,,commit_hours_better,refactor_mle_avg_better,language_code,1
26195,24,44,7071,33334,0.79,1.0,0.79,1.0,0.0,0.79,0.65,0.79,0.79,0.0,-0.21,0.02,0.75,0.0,,commit_hours_better,owned_repository_avg_better,language_code,1
22873,5517,3366,1578,33334,0.85,0.73,0.79,0.87,0.19,0.94,0.38,0.82,0.63,0.34,0.16,0.84,0.75,0.24,,commit_hours_better,files_edited_avg_better,language_code,1
20406,3255,5833,3840,33334,0.71,0.73,0.79,0.78,0.07,0.84,0.64,0.68,0.63,0.13,-0.02,0.85,0.75,0.03,,commit_hours_better,ccp_avg_better,language_code,1
16966,3247,9273,3848,33334,0.61,0.62,0.79,0.65,0.04,0.82,0.74,0.56,0.57,0.06,-0.03,0.95,0.75,0.01,,commit_hours_better,same_date_duration_avg_avg_better,language_code,1
24026,4844,2213,2251,33334,0.87,0.79,0.79,0.92,0.16,0.91,0.31,0.84,0.67,0.3,0.1,0.74,0.75,0.22,,commit_hours_better,commit_period_avg_better,language_code,1
23409,6329,2830,766,33334,0.89,0.73,0.79,0.89,0.23,0.97,0.31,0.87,0.63,0.42,0.23,0.85,0.75,0.35,,commit_hours_better,commit_days_avg_better,language_code,1
17750,1976,1652,17362,38740,0.51,0.91,0.5,0.91,0.01,0.51,0.46,0.48,0.5,0.02,-0.44,0.45,1.0,0.0,,message_length_avg_better,refactor_mle_avg_better,language_code,2
10264,8829,9138,10509,38740,0.49,0.54,0.5,0.53,-0.01,0.49,0.51,0.34,0.5,-0.01,-0.08,1.0,1.0,0.0,,message_length_avg_better,commit_hours_better,language_code,2
19288,103,114,19235,38740,0.5,0.99,0.5,0.99,-0.0,0.5,0.53,0.5,0.5,-0.0,-0.5,0.05,1.0,0.0,,message_length_avg_better,owned_repository_avg_better,language_code,2
11755,9926,7647,9412,38740,0.56,0.55,0.5,0.61,0.11,0.56,0.44,0.41,0.5,0.12,0.02,0.99,1.0,0.01,,message_length_avg_better,files_edited_avg_better,language_code,2
17113,1568,2289,17770,38740,0.48,0.9,0.5,0.88,-0.02,0.49,0.59,0.46,0.5,-0.04,-0.46,0.47,1.0,0.0,,message_length_avg_better,ccp_avg_better,language_code,2
9212,9906,10190,9432,38740,0.49,0.48,0.5,0.47,-0.01,0.49,0.51,0.32,0.5,-0.01,-0.05,1.0,1.0,0.0,,message_length_avg_better,same_date_duration_avg_avg_better,language_code,2
9642,8281,9760,11057,38740,0.46,0.53,0.5,0.5,-0.07,0.47,0.54,0.32,0.5,-0.07,-0.13,1.0,1.0,0.0,,message_length_avg_better,commit_period_avg_better,language_code,2
9085,8721,10317,10617,38740,0.46,0.51,0.5,0.47,-0.08,0.46,0.54,0.3,0.5,-0.08,-0.1,1.0,1.0,0.0,,message_length_avg_better,commit_days_avg_better,language_code,2
17750,1976,17362,1652,38740,0.51,0.5,0.91,0.51,0.01,0.91,0.9,0.48,0.5,0.02,0.02,1.0,0.45,0.0,,refactor_mle_avg_better,message_length_avg_better,language_code,2
18967,1822,16145,1806,38740,0.54,0.54,0.91,0.54,0.01,0.91,0.9,0.51,0.53,0.01,0.0,1.0,0.45,0.0,,refactor_mle_avg_better,commit_hours_better,language_code,2
34976,81,136,3547,38740,0.9,0.99,0.91,1.0,0.0,0.91,0.63,0.9,0.9,0.0,-0.09,0.05,0.45,0.0,,refactor_mle_avg_better,owned_repository_avg_better,language_code,2
19709,2170,15403,1458,38740,0.56,0.55,0.91,0.56,0.03,0.93,0.88,0.54,0.54,0.05,0.03,0.99,0.45,0.01,,refactor_mle_avg_better,files_edited_avg_better,language_code,2
32691,1436,2421,2192,38740,0.88,0.9,0.91,0.93,0.03,0.94,0.63,0.88,0.83,0.07,-0.02,0.47,0.45,0.05,,refactor_mle_avg_better,ccp_avg_better,language_code,2
16624,1608,18488,2020,38740,0.47,0.48,0.91,0.47,-0.02,0.89,0.92,0.45,0.48,-0.03,-0.09,1.0,0.45,0.0,,refactor_mle_avg_better,same_date_duration_avg_avg_better,language_code,2
18698,1627,16414,2001,38740,0.52,0.53,0.91,0.53,-0.0,0.9,0.91,0.5,0.53,-0.01,-0.02,1.0,0.45,0.0,,refactor_mle_avg_better,commit_period_avg_better,language_code,2
17940,1866,17172,1762,38740,0.51,0.51,0.91,0.51,0.0,0.91,0.9,0.49,0.51,0.01,0.01,1.0,0.45,0.0,,refactor_mle_avg_better,commit_days_avg_better,language_code,2
10264,8829,10509,9138,38740,0.49,0.5,0.54,0.49,-0.01,0.53,0.54,0.34,0.5,-0.01,-0.02,1.0,1.0,0.0,,commit_hours_better,message_length_avg_better,language_code,2
18967,1822,1806,16145,38740,0.54,0.91,0.54,0.91,0.01,0.54,0.5,0.51,0.53,0.01,-0.41,0.45,1.0,0.0,,commit_hours_better,refactor_mle_avg_better,language_code,2
20700,144,73,17823,38740,0.54,0.99,0.54,1.0,0.0,0.54,0.34,0.54,0.54,0.0,-0.46,0.05,1.0,0.0,,commit_hours_better,owned_repository_avg_better,language_code,2
13376,10176,7397,7791,38740,0.61,0.55,0.54,0.64,0.18,0.63,0.42,0.47,0.5,0.21,0.11,0.99,1.0,0.03,,commit_hours_better,files_edited_avg_better,language_code,2
18337,1421,2436,16546,38740,0.51,0.9,0.54,0.88,-0.02,0.53,0.63,0.49,0.53,-0.04,-0.43,0.47,1.0,0.0,,commit_hours_better,ccp_avg_better,language_code,2
8050,7373,12723,10594,38740,0.4,0.48,0.54,0.39,-0.19,0.43,0.63,0.26,0.5,-0.2,-0.23,1.0,1.0,0.03,,commit_hours_better,same_date_duration_avg_avg_better,language_code,2
13905,11173,6868,6794,38740,0.65,0.53,0.54,0.67,0.25,0.67,0.38,0.5,0.5,0.29,0.21,1.0,1.0,0.06,,commit_hours_better,commit_period_avg_better,language_code,2
15575,13840,5198,4127,38740,0.76,0.51,0.54,0.75,0.47,0.79,0.27,0.63,0.5,0.52,0.49,1.0,1.0,0.2,,commit_hours_better,commit_days_avg_better,language_code,2
120716,24924,17987,110779,274406,0.53,0.84,0.51,0.87,0.03,0.52,0.42,0.48,0.5,0.05,-0.37,0.63,1.0,0.0,,message_length_avg_better,refactor_mle_avg_better,language_code,3
79616,62903,59087,72800,274406,0.52,0.56,0.51,0.57,0.03,0.52,0.48,0.38,0.5,0.04,-0.06,0.99,1.0,0.0,,message_length_avg_better,commit_hours_better,language_code,3
138664,26,39,135677,274406,0.51,1.0,0.51,1.0,-0.0,0.51,0.6,0.51,0.51,-0.0,-0.49,0.0,1.0,0.0,,message_length_avg_better,owned_repository_avg_better,language_code,3
85511,65435,53192,70268,274406,0.55,0.57,0.51,0.62,0.09,0.55,0.45,0.41,0.5,0.1,-0.03,0.99,1.0,0.01,,message_length_avg_better,files_edited_avg_better,language_code,3
89866,22987,48837,112716,274406,0.41,0.74,0.51,0.65,-0.12,0.44,0.68,0.36,0.5,-0.18,-0.44,0.83,1.0,0.03,,message_length_avg_better,ccp_avg_better,language_code,3
68478,67851,70225,67852,274406,0.5,0.5,0.51,0.49,-0.01,0.5,0.51,0.33,0.5,-0.01,-0.01,1.0,1.0,0.0,,message_length_avg_better,same_date_duration_avg_avg_better,language_code,3
77053,67513,61650,68190,274406,0.53,0.53,0.51,0.56,0.05,0.53,0.48,0.37,0.5,0.05,-0.0,1.0,1.0,0.0,,message_length_avg_better,commit_period_avg_better,language_code,3
78729,73002,59974,62701,274406,0.55,0.52,0.51,0.57,0.1,0.56,0.45,0.39,0.5,0.11,0.07,1.0,1.0,0.01,,message_length_avg_better,commit_days_avg_better,language_code,3
120716,24924,110779,17987,274406,0.53,0.51,0.84,0.52,0.03,0.87,0.82,0.48,0.5,0.05,0.05,1.0,0.63,0.0,,refactor_mle_avg_better,message_length_avg_better,language_code,3
130988,21483,100507,21428,274406,0.56,0.56,0.84,0.57,0.02,0.86,0.82,0.52,0.54,0.03,0.0,0.99,0.63,0.0,,refactor_mle_avg_better,commit_hours_better,language_code,3
231451,21,44,42890,274406,0.84,1.0,0.84,1.0,0.0,0.84,0.68,0.84,0.84,0.0,-0.16,0.0,0.63,0.0,,refactor_mle_avg_better,owned_repository_avg_better,language_code,3
135662,22794,95833,20117,274406,0.58,0.57,0.84,0.59,0.03,0.87,0.81,0.54,0.55,0.06,0.02,0.99,0.63,0.01,,refactor_mle_avg_better,files_edited_avg_better,language_code,3
173813,14142,57682,28769,274406,0.68,0.74,0.84,0.75,0.02,0.86,0.8,0.67,0.66,0.03,-0.07,0.83,0.63,0.0,,refactor_mle_avg_better,ccp_avg_better,language_code,3
114574,21155,116921,21756,274406,0.49,0.5,0.84,0.49,-0.0,0.84,0.85,0.45,0.5,-0.01,-0.02,1.0,0.63,0.0,,refactor_mle_avg_better,same_date_duration_avg_avg_better,language_code,3
123289,20957,108206,21954,274406,0.53,0.53,0.84,0.53,0.01,0.85,0.84,0.49,0.52,0.01,-0.01,1.0,0.63,0.0,,refactor_mle_avg_better,commit_period_avg_better,language_code,3
121608,23089,109887,19822,274406,0.53,0.52,0.84,0.53,0.02,0.86,0.83,0.48,0.51,0.03,0.02,1.0,0.63,0.0,,refactor_mle_avg_better,commit_days_avg_better,language_code,3
79616,62903,72800,59087,274406,0.52,0.51,0.56,0.52,0.03,0.57,0.54,0.38,0.5,0.04,0.03,1.0,0.99,0.0,,commit_hours_better,message_length_avg_better,language_code,3
130988,21483,21428,100507,274406,0.56,0.84,0.56,0.86,0.02,0.57,0.5,0.52,0.54,0.03,-0.34,0.63,0.99,0.0,,commit_hours_better,refactor_mle_avg_better,language_code,3
152370,19,46,121971,274406,0.56,1.0,0.56,1.0,-0.0,0.56,0.71,0.56,0.56,-0.0,-0.44,0.0,0.99,0.0,,commit_hours_better,owned_repository_avg_better,language_code,3
102995,69206,49421,52784,274406,0.63,0.57,0.56,0.68,0.19,0.66,0.42,0.5,0.51,0.24,0.11,0.99,0.99,0.04,,commit_hours_better,files_edited_avg_better,language_code,3
110457,29865,41959,92125,274406,0.51,0.74,0.56,0.72,-0.02,0.55,0.58,0.45,0.53,-0.03,-0.31,0.83,0.99,0.0,,commit_hours_better,ccp_avg_better,language_code,3
62632,48292,89784,73698,274406,0.4,0.5,0.56,0.41,-0.17,0.46,0.65,0.28,0.5,-0.19,-0.2,1.0,0.99,0.03,,commit_hours_better,same_date_duration_avg_avg_better,language_code,3
99932,76679,52484,45311,274406,0.64,0.53,0.56,0.66,0.24,0.69,0.41,0.51,0.5,0.28,0.22,1.0,0.99,0.06,,commit_hours_better,commit_period_avg_better,language_code,3
111509,92069,40907,29921,274406,0.74,0.52,0.56,0.73,0.42,0.79,0.31,0.61,0.5,0.48,0.44,1.0,0.99,0.18,,commit_hours_better,commit_days_avg_better,language_code,3
237744,16717,9536,228303,492300,0.52,0.95,0.5,0.96,0.02,0.51,0.36,0.5,0.5,0.03,-0.45,0.3,1.0,0.0,,message_length_avg_better,refactor_mle_avg_better,language_code,4
134685,115952,112595,129068,492300,0.51,0.54,0.5,0.54,0.02,0.51,0.49,0.36,0.5,0.02,-0.05,1.0,1.0,0.0,,message_length_avg_better,commit_hours_better,language_code,4
247226,38,54,244982,492300,0.5,1.0,0.5,1.0,-0.0,0.5,0.59,0.5,0.5,-0.0,-0.5,0.0,1.0,0.0,,message_length_avg_better,owned_repository_avg_better,language_code,4
161853,94400,85427,150620,492300,0.52,0.63,0.5,0.65,0.03,0.52,0.48,0.41,0.5,0.04,-0.18,0.95,1.0,0.0,,message_length_avg_better,files_edited_avg_better,language_code,4
194188,35073,53092,209947,492300,0.47,0.82,0.5,0.79,-0.04,0.48,0.6,0.42,0.5,-0.07,-0.43,0.68,1.0,0.01,,message_length_avg_better,ccp_avg_better,language_code,4
122255,130722,125025,114298,492300,0.51,0.48,0.5,0.49,0.03,0.52,0.49,0.34,0.5,0.03,-0.01,1.0,1.0,0.0,,message_length_avg_better,same_date_duration_avg_avg_better,language_code,4
128858,122479,118422,122541,492300,0.51,0.51,0.5,0.52,0.02,0.51,0.49,0.35,0.5,0.02,-0.0,1.0,1.0,0.0,,message_length_avg_better,commit_period_avg_better,language_code,4
132222,126724,115058,118296,492300,0.53,0.51,0.5,0.53,0.05,0.53,0.48,0.36,0.5,0.05,0.03,1.0,1.0,0.0,,message_length_avg_better,commit_days_avg_better,language_code,4
237744,16717,228303,9536,492300,0.52,0.5,0.95,0.51,0.02,0.96,0.93,0.5,0.5,0.03,0.03,1.0,0.3,0.0,,refactor_mle_avg_better,message_length_avg_better,language_code,4
250561,13061,215486,13192,492300,0.54,0.54,0.95,0.54,0.0,0.95,0.94,0.52,0.53,0.01,-0.0,1.0,0.3,0.0,,refactor_mle_avg_better,commit_hours_better,language_code,4
465981,26,66,26227,492300,0.95,1.0,0.95,1.0,0.0,0.95,0.72,0.95,0.95,0.0,-0.05,0.0,0.3,0.0,,refactor_mle_avg_better,owned_repository_avg_better,language_code,4
302463,16243,163584,10010,492300,0.65,0.63,0.95,0.65,0.02,0.97,0.91,0.64,0.62,0.04,0.02,0.95,0.3,0.01,,refactor_mle_avg_better,files_edited_avg_better,language_code,4
386423,8541,79624,17712,492300,0.8,0.82,0.95,0.83,0.01,0.96,0.9,0.8,0.79,0.02,-0.02,0.68,0.3,0.01,,refactor_mle_avg_better,ccp_avg_better,language_code,4
223616,13316,242431,12937,492300,0.48,0.48,0.95,0.48,-0.0,0.95,0.95,0.47,0.48,-0.0,-0.07,1.0,0.3,0.0,,refactor_mle_avg_better,same_date_duration_avg_avg_better,language_code,4
238199,13053,227848,13200,492300,0.51,0.51,0.95,0.51,0.0,0.95,0.95,0.5,0.51,0.0,-0.0,1.0,0.3,0.0,,refactor_mle_avg_better,commit_period_avg_better,language_code,4
239063,14798,226984,11455,492300,0.52,0.51,0.95,0.51,0.01,0.95,0.94,0.5,0.51,0.02,0.01,1.0,0.3,0.0,,refactor_mle_avg_better,commit_days_avg_better,language_code,4
134685,115952,129068,112595,492300,0.51,0.5,0.54,0.51,0.02,0.54,0.53,0.36,0.5,0.02,0.01,1.0,1.0,0.0,,commit_hours_better,message_length_avg_better,language_code,4
250561,13061,13192,215486,492300,0.54,0.95,0.54,0.95,0.0,0.54,0.5,0.52,0.53,0.01,-0.43,0.3,1.0,0.0,,commit_hours_better,refactor_mle_avg_better,language_code,4
263701,40,52,228507,492300,0.54,1.0,0.54,1.0,-0.0,0.54,0.57,0.54,0.54,-0.0,-0.46,0.0,1.0,0.0,,commit_hours_better,owned_repository_avg_better,language_code,4
187334,103408,76419,125139,492300,0.59,0.63,0.54,0.71,0.12,0.6,0.42,0.48,0.51,0.16,-0.07,0.95,1.0,0.02,,commit_hours_better,files_edited_avg_better,language_code,4
209775,34187,53978,194360,492300,0.5,0.82,0.54,0.8,-0.03,0.52,0.61,0.46,0.52,-0.05,-0.4,0.68,1.0,0.0,,commit_hours_better,ccp_avg_better,language_code,4
96458,88452,167295,140095,492300,0.38,0.48,0.54,0.37,-0.24,0.41,0.65,0.24,0.5,-0.25,-0.28,1.0,1.0,0.04,,commit_hours_better,same_date_duration_avg_avg_better,language_code,4
166061,143209,97692,85338,492300,0.63,0.51,0.54,0.63,0.23,0.66,0.41,0.48,0.5,0.25,0.23,1.0,1.0,0.05,,commit_hours_better,commit_period_avg_better,language_code,4
196827,174856,66926,53691,492300,0.75,0.51,0.54,0.75,0.47,0.79,0.28,0.62,0.5,0.51,0.48,1.0,1.0,0.2,,commit_hours_better,commit_days_avg_better,language_code,4
53920,14185,9213,33816,111134,0.61,0.79,0.57,0.85,0.08,0.61,0.39,0.56,0.54,0.14,-0.22,0.74,0.99,0.02,,message_length_avg_better,refactor_mle_avg_better,language_code,5
36350,21322,26783,26679,111134,0.52,0.57,0.57,0.58,0.02,0.58,0.56,0.4,0.51,0.02,-0.08,0.99,0.99,0.0,,message_length_avg_better,commit_hours_better,language_code,5
63079,32,54,47969,111134,0.57,1.0,0.57,1.0,-0.0,0.57,0.63,0.57,0.57,-0.0,-0.43,0.01,0.99,0.0,,message_length_avg_better,owned_repository_avg_better,language_code,5
36026,22881,27107,25120,111134,0.53,0.55,0.57,0.57,0.04,0.59,0.54,0.41,0.51,0.05,-0.04,0.99,0.99,0.0,,message_length_avg_better,files_edited_avg_better,language_code,5
43862,9579,19271,38422,111134,0.48,0.74,0.57,0.69,-0.06,0.53,0.67,0.43,0.53,-0.1,-0.35,0.83,0.99,0.01,,message_length_avg_better,ccp_avg_better,language_code,5
21018,28790,42115,19211,111134,0.45,0.36,0.57,0.33,-0.08,0.52,0.59,0.26,0.48,-0.07,-0.3,0.94,0.99,0.0,,message_length_avg_better,same_date_duration_avg_avg_better,language_code,5
35107,20868,28026,27133,111134,0.5,0.56,0.57,0.56,-0.01,0.56,0.57,0.39,0.51,-0.01,-0.1,0.99,0.99,0.0,,message_length_avg_better,commit_period_avg_better,language_code,5
33426,22879,29707,25122,111134,0.51,0.53,0.57,0.53,0.0,0.57,0.56,0.38,0.5,0.01,-0.04,1.0,0.99,0.0,,message_length_avg_better,commit_days_avg_better,language_code,5
53920,14185,33816,9213,111134,0.61,0.57,0.79,0.61,0.08,0.85,0.7,0.56,0.54,0.14,0.08,0.99,0.74,0.02,,refactor_mle_avg_better,message_length_avg_better,language_code,5
50326,10695,37410,12703,111134,0.55,0.57,0.79,0.57,0.01,0.8,0.78,0.5,0.54,0.02,-0.03,0.99,0.74,0.0,,refactor_mle_avg_better,commit_hours_better,language_code,5
87689,39,47,23359,111134,0.79,1.0,0.79,1.0,0.0,0.79,0.55,0.79,0.79,0.0,-0.21,0.01,0.74,0.0,,refactor_mle_avg_better,owned_repository_avg_better,language_code,5
49657,11909,38079,11489,111134,0.55,0.55,0.79,0.57,0.03,0.81,0.76,0.5,0.53,0.05,0.01,0.99,0.74,0.0,,refactor_mle_avg_better,files_edited_avg_better,language_code,5
69312,10426,18424,12972,111134,0.72,0.74,0.79,0.79,0.07,0.84,0.64,0.69,0.64,0.12,-0.03,0.83,0.74,0.03,,refactor_mle_avg_better,ccp_avg_better,language_code,5
29621,12790,58115,10608,111134,0.38,0.36,0.79,0.34,-0.07,0.74,0.82,0.3,0.42,-0.09,-0.4,0.94,0.74,0.01,,refactor_mle_avg_better,same_date_duration_avg_avg_better,language_code,5
49165,10323,38571,13075,111134,0.54,0.56,0.79,0.56,0.0,0.79,0.79,0.49,0.53,0.0,-0.04,0.99,0.74,0.0,,refactor_mle_avg_better,commit_period_avg_better,language_code,5
46347,11197,41389,12201,111134,0.52,0.53,0.79,0.53,0.0,0.79,0.79,0.46,0.52,0.0,-0.02,1.0,0.74,0.0,,refactor_mle_avg_better,commit_days_avg_better,language_code,5
36350,21322,26679,26783,111134,0.52,0.57,0.57,0.58,0.02,0.58,0.56,0.4,0.51,0.02,-0.09,0.99,0.99,0.0,,commit_hours_better,message_length_avg_better,language_code,5
50326,10695,12703,37410,111134,0.55,0.79,0.57,0.8,0.01,0.57,0.54,0.5,0.54,0.02,-0.3,0.74,0.99,0.0,,commit_hours_better,refactor_mle_avg_better,language_code,5
63001,58,28,48047,111134,0.57,1.0,0.57,1.0,0.0,0.57,0.33,0.57,0.57,0.0,-0.43,0.01,0.99,0.0,,commit_hours_better,owned_repository_avg_better,language_code,5
46410,33369,16619,14736,111134,0.72,0.55,0.57,0.74,0.34,0.76,0.33,0.6,0.51,0.42,0.3,0.99,0.99,0.14,,commit_hours_better,files_edited_avg_better,language_code,5
45307,11128,17722,36977,111134,0.51,0.74,0.57,0.72,-0.03,0.55,0.61,0.45,0.53,-0.05,-0.31,0.83,0.99,0.0,,commit_hours_better,ccp_avg_better,language_code,5
19418,27294,43611,20811,111134,0.42,0.36,0.57,0.31,-0.15,0.48,0.62,0.23,0.48,-0.13,-0.34,0.94,0.99,0.01,,commit_hours_better,same_date_duration_avg_avg_better,language_code,5
45455,31320,17574,16785,111134,0.69,0.56,0.57,0.72,0.29,0.73,0.36,0.57,0.51,0.36,0.23,0.99,0.99,0.1,,commit_hours_better,commit_period_avg_better,language_code,5
49116,38673,13913,9432,111134,0.79,0.53,0.57,0.78,0.48,0.84,0.26,0.68,0.5,0.57,0.5,1.0,0.99,0.26,,commit_hours_better,commit_days_avg_better,language_code,5
70953,16259,9970,62200,159382,0.55,0.84,0.51,0.88,0.05,0.53,0.38,0.5,0.51,0.08,-0.35,0.65,1.0,0.01,,message_length_avg_better,refactor_mle_avg_better,language_code,6
46977,38089,33946,40370,159382,0.53,0.55,0.51,0.58,0.06,0.54,0.47,0.39,0.5,0.07,-0.03,0.99,1.0,0.0,,message_length_avg_better,commit_hours_better,language_code,6
80834,36,89,78423,159382,0.51,1.0,0.51,1.0,-0.0,0.51,0.71,0.51,0.51,-0.0,-0.49,0.01,1.0,0.0,,message_length_avg_better,owned_repository_avg_better,language_code,6
50338,39061,30585,39398,159382,0.56,0.56,0.51,0.62,0.1,0.56,0.44,0.42,0.5,0.12,-0.0,0.99,1.0,0.01,,message_length_avg_better,files_edited_avg_better,language_code,6
61450,12201,19473,66258,159382,0.46,0.8,0.51,0.76,-0.05,0.48,0.61,0.42,0.5,-0.08,-0.42,0.72,1.0,0.01,,message_length_avg_better,ccp_avg_better,language_code,6
38437,41766,42486,36693,159382,0.5,0.47,0.51,0.47,0.01,0.51,0.5,0.33,0.5,0.01,-0.05,1.0,1.0,0.0,,message_length_avg_better,same_date_duration_avg_avg_better,language_code,6
42035,37772,38888,40687,159382,0.5,0.52,0.51,0.52,0.0,0.51,0.51,0.35,0.5,0.0,-0.04,1.0,1.0,0.0,,message_length_avg_better,commit_period_avg_better,language_code,6
43581,39640,37342,38819,159382,0.52,0.52,0.51,0.54,0.04,0.53,0.49,0.36,0.5,0.04,0.01,1.0,1.0,0.0,,message_length_avg_better,commit_days_avg_better,language_code,6
70953,16259,62200,9970,159382,0.55,0.51,0.84,0.53,0.05,0.88,0.79,0.5,0.51,0.08,0.08,1.0,0.65,0.01,,refactor_mle_avg_better,message_length_avg_better,language_code,6
73818,12700,59335,13529,159382,0.54,0.55,0.84,0.55,0.01,0.85,0.82,0.5,0.53,0.02,-0.01,0.99,0.65,0.0,,refactor_mle_avg_better,commit_hours_better,language_code,6
133076,48,77,26181,159382,0.84,1.0,0.84,1.0,0.0,0.84,0.62,0.84,0.83,0.0,-0.16,0.01,0.65,0.0,,refactor_mle_avg_better,owned_repository_avg_better,language_code,6
77146,13639,56007,12590,159382,0.57,0.56,0.84,0.58,0.03,0.86,0.8,0.53,0.54,0.05,0.01,0.99,0.65,0.0,,refactor_mle_avg_better,files_edited_avg_better,language_code,6
112346,10867,20807,15362,159382,0.77,0.8,0.84,0.84,0.05,0.88,0.66,0.76,0.7,0.1,-0.04,0.72,0.65,0.04,,refactor_mle_avg_better,ccp_avg_better,language_code,6
62535,13634,70618,12595,159382,0.48,0.47,0.84,0.47,-0.0,0.83,0.84,0.43,0.48,-0.01,-0.1,1.0,0.65,0.0,,refactor_mle_avg_better,same_date_duration_avg_avg_better,language_code,6
69368,12875,63785,13354,159382,0.52,0.52,0.84,0.52,0.0,0.84,0.83,0.47,0.51,0.01,-0.01,1.0,0.65,0.0,,refactor_mle_avg_better,commit_period_avg_better,language_code,6
69123,12952,64030,13277,159382,0.51,0.52,0.84,0.52,0.0,0.84,0.83,0.47,0.51,0.01,-0.0,1.0,0.65,0.0,,refactor_mle_avg_better,commit_days_avg_better,language_code,6
46977,38089,40370,33946,159382,0.53,0.51,0.55,0.54,0.06,0.58,0.51,0.39,0.5,0.07,0.05,1.0,0.99,0.0,,commit_hours_better,message_length_avg_better,language_code,6
73818,12700,13529,59335,159382,0.54,0.84,0.55,0.85,0.01,0.55,0.52,0.5,0.53,0.02,-0.35,0.65,0.99,0.0,,commit_hours_better,refactor_mle_avg_better,language_code,6
87292,70,55,71965,159382,0.55,1.0,0.55,1.0,0.0,0.55,0.44,0.55,0.55,0.0,-0.45,0.01,0.99,0.0,,commit_hours_better,owned_repository_avg_better,language_code,6
61428,43727,25919,28308,159382,0.66,0.56,0.55,0.7,0.25,0.68,0.37,0.53,0.51,0.3,0.17,0.99,0.99,0.07,,commit_hours_better,files_edited_avg_better,language_code,6
68174,12501,19173,59534,159382,0.51,0.8,0.55,0.78,-0.03,0.53,0.61,0.46,0.53,-0.04,-0.37,0.72,0.99,0.0,,commit_hours_better,ccp_avg_better,language_code,6
32522,29427,54825,42608,159382,0.39,0.47,0.55,0.37,-0.21,0.43,0.65,0.25,0.5,-0.22,-0.26,1.0,0.99,0.03,,commit_hours_better,same_date_duration_avg_avg_better,language_code,6
57787,47100,29560,24935,159382,0.66,0.52,0.55,0.66,0.27,0.7,0.39,0.51,0.5,0.31,0.27,1.0,0.99,0.07,,commit_hours_better,commit_period_avg_better,language_code,6
63737,53372,23610,18663,159382,0.73,0.52,0.55,0.73,0.41,0.77,0.31,0.6,0.5,0.46,0.42,1.0,0.99,0.16,,commit_hours_better,commit_days_avg_better,language_code,6
89615,27840,19894,58091,195440,0.6,0.76,0.56,0.82,0.08,0.61,0.42,0.53,0.53,0.13,-0.2,0.8,0.99,0.02,,message_length_avg_better,refactor_mle_avg_better,Is_Company,False
63025,39772,46484,46159,195440,0.53,0.56,0.56,0.58,0.03,0.58,0.54,0.4,0.51,0.04,-0.06,0.99,0.99,0.0,,message_length_avg_better,commit_hours_better,Is_Company,False
109507,4,2,85927,195440,0.56,1.0,0.56,1.0,0.0,0.56,0.33,0.56,0.56,0.0,-0.44,0.0,0.99,0.0,,message_length_avg_better,owned_repository_avg_better,Is_Company,False
60737,41723,48772,44208,195440,0.52,0.54,0.56,0.55,0.03,0.58,0.54,0.4,0.5,0.04,-0.02,1.0,0.99,0.0,,message_length_avg_better,files_edited_avg_better,Is_Company,False
75598,21836,33911,64095,195440,0.5,0.71,0.56,0.69,-0.03,0.54,0.61,0.44,0.53,-0.05,-0.3,0.86,0.99,0.0,,message_length_avg_better,ccp_avg_better,Is_Company,False
34845,49337,74664,36594,195440,0.43,0.37,0.56,0.32,-0.13,0.49,0.6,0.24,0.48,-0.11,-0.32,0.95,0.99,0.01,,message_length_avg_better,same_date_duration_avg_avg_better,Is_Company,False
60752,39896,48757,46035,195440,0.51,0.55,0.56,0.55,0.02,0.57,0.55,0.39,0.51,0.02,-0.06,0.99,0.99,0.0,,message_length_avg_better,commit_period_avg_better,Is_Company,False
56307,42026,53202,43905,195440,0.5,0.51,0.56,0.51,0.0,0.56,0.56,0.37,0.5,0.0,-0.02,1.0,0.99,0.0,,message_length_avg_better,commit_days_avg_better,Is_Company,False
89615,27840,58091,19894,195440,0.6,0.56,0.76,0.61,0.08,0.82,0.68,0.53,0.53,0.13,0.07,0.99,0.8,0.02,,refactor_mle_avg_better,message_length_avg_better,Is_Company,False
83667,22217,64039,25517,195440,0.54,0.56,0.76,0.57,0.01,0.77,0.74,0.48,0.53,0.02,-0.03,0.99,0.8,0.0,,refactor_mle_avg_better,commit_hours_better,Is_Company,False
147700,0,6,47734,195440,0.76,1.0,0.76,1.0,-0.0,0.76,1.0,0.76,0.76,-0.0,-0.24,0.0,0.8,0.0,,refactor_mle_avg_better,owned_repository_avg_better,Is_Company,False
82563,25352,65143,22382,195440,0.55,0.54,0.76,0.56,0.04,0.79,0.72,0.49,0.52,0.06,0.03,1.0,0.8,0.0,,refactor_mle_avg_better,files_edited_avg_better,Is_Company,False
113571,21612,34135,26122,195440,0.69,0.71,0.76,0.77,0.08,0.81,0.61,0.65,0.61,0.13,-0.03,0.86,0.8,0.03,,refactor_mle_avg_better,ccp_avg_better,Is_Company,False
48753,25048,98953,22686,195440,0.38,0.37,0.76,0.33,-0.1,0.68,0.8,0.29,0.43,-0.12,-0.4,0.95,0.8,0.01,,refactor_mle_avg_better,same_date_duration_avg_avg_better,Is_Company,False
81315,22262,66391,25472,195440,0.53,0.55,0.76,0.55,0.01,0.76,0.75,0.47,0.52,0.01,-0.03,0.99,0.8,0.0,,refactor_mle_avg_better,commit_period_avg_better,Is_Company,False
76331,23853,71375,23881,195440,0.51,0.51,0.76,0.52,0.01,0.76,0.75,0.44,0.51,0.01,-0.0,1.0,0.8,0.0,,refactor_mle_avg_better,commit_days_avg_better,Is_Company,False
63025,39772,46159,46484,195440,0.53,0.56,0.56,0.58,0.03,0.58,0.54,0.4,0.51,0.04,-0.06,0.99,0.99,0.0,,commit_hours_better,message_length_avg_better,Is_Company,False
83667,22217,25517,64039,195440,0.54,0.76,0.56,0.77,0.01,0.57,0.53,0.48,0.53,0.02,-0.28,0.8,0.99,0.0,,commit_hours_better,refactor_mle_avg_better,Is_Company,False
109184,6,0,86250,195440,0.56,1.0,0.56,1.0,0.0,0.56,0.0,0.56,0.56,0.0,-0.44,0.0,0.99,0.0,,commit_hours_better,owned_repository_avg_better,Is_Company,False
77702,59013,31482,27243,195440,0.7,0.54,0.56,0.71,0.33,0.74,0.35,0.57,0.5,0.39,0.3,1.0,0.99,0.11,,commit_hours_better,files_edited_avg_better,Is_Company,False
74714,21277,34470,64979,195440,0.49,0.71,0.56,0.68,-0.04,0.53,0.62,0.43,0.53,-0.06,-0.31,0.86,0.99,0.0,,commit_hours_better,ccp_avg_better,Is_Company,False
33064,47881,76120,38375,195440,0.41,0.37,0.56,0.3,-0.17,0.46,0.61,0.22,0.48,-0.14,-0.35,0.95,0.99,0.02,,commit_hours_better,same_date_duration_avg_avg_better,Is_Company,False
76807,56276,32377,29980,195440,0.68,0.55,0.56,0.7,0.29,0.72,0.37,0.55,0.51,0.35,0.25,0.99,0.99,0.09,,commit_hours_better,commit_period_avg_better,Is_Company,False
84894,70938,24290,15318,195440,0.8,0.51,0.56,0.78,0.52,0.85,0.26,0.68,0.5,0.59,0.56,1.0,0.99,0.27,,commit_hours_better,commit_days_avg_better,Is_Company,False
158371,89283,63902,130236,441792,0.56,0.65,0.5,0.71,0.09,0.55,0.42,0.45,0.5,0.12,-0.14,0.93,1.0,0.01,,message_length_avg_better,refactor_mle_avg_better,Is_Company,True
134179,107853,88094,111666,441792,0.55,0.56,0.5,0.6,0.08,0.55,0.45,0.4,0.5,0.09,-0.02,0.99,1.0,0.01,,message_length_avg_better,commit_hours_better,Is_Company,True
222273,1,0,219518,441792,0.5,1.0,0.5,1.0,0.0,0.5,0.0,0.5,0.5,0.0,-0.5,0.0,1.0,0.0,,message_length_avg_better,owned_repository_avg_better,Is_Company,True
134878,117642,87395,101877,441792,0.57,0.54,0.5,0.61,0.13,0.57,0.43,0.42,0.5,0.14,0.07,1.0,1.0,0.01,,message_length_avg_better,files_edited_avg_better,Is_Company,True
97794,67850,124479,151669,441792,0.37,0.56,0.5,0.44,-0.22,0.39,0.65,0.26,0.5,-0.25,-0.34,0.99,1.0,0.05,,message_length_avg_better,ccp_avg_better,Is_Company,True
93432,123261,128841,96258,441792,0.49,0.43,0.5,0.42,-0.02,0.49,0.51,0.29,0.5,-0.02,-0.14,0.99,1.0,0.0,,message_length_avg_better,same_date_duration_avg_avg_better,Is_Company,True
126145,113780,96128,105739,441792,0.54,0.52,0.5,0.57,0.08,0.54,0.46,0.38,0.5,0.09,0.03,1.0,1.0,0.01,,message_length_avg_better,commit_period_avg_better,Is_Company,True
126299,117610,95974,101909,441792,0.55,0.52,0.5,0.57,0.1,0.55,0.45,0.39,0.5,0.1,0.07,1.0,1.0,0.01,,message_length_avg_better,commit_days_avg_better,Is_Company,True
158371,89283,130236,63902,441792,0.56,0.5,0.65,0.55,0.09,0.71,0.59,0.45,0.5,0.12,0.11,1.0,0.93,0.01,,refactor_mle_avg_better,message_length_avg_better,Is_Company,True
169089,76429,119518,76756,441792,0.56,0.56,0.65,0.59,0.05,0.69,0.61,0.46,0.52,0.07,-0.0,0.99,0.93,0.0,,refactor_mle_avg_better,commit_hours_better,Is_Company,True
288607,1,0,153184,441792,0.65,1.0,0.65,1.0,0.0,0.65,0.0,0.65,0.65,0.0,-0.35,0.0,0.93,0.0,,refactor_mle_avg_better,owned_repository_avg_better,Is_Company,True
158631,75061,129976,78124,441792,0.53,0.54,0.65,0.55,0.03,0.67,0.63,0.43,0.51,0.04,-0.01,1.0,0.93,0.0,,refactor_mle_avg_better,files_edited_avg_better,Is_Company,True
144021,47743,144586,105442,441792,0.43,0.56,0.65,0.5,-0.12,0.58,0.75,0.37,0.52,-0.16,-0.23,0.99,0.93,0.02,,refactor_mle_avg_better,ccp_avg_better,Is_Company,True
119251,82746,169356,70439,441792,0.46,0.43,0.65,0.41,-0.04,0.63,0.67,0.33,0.48,-0.04,-0.2,0.99,0.93,0.0,,refactor_mle_avg_better,same_date_duration_avg_avg_better,Is_Company,True
145733,67034,142874,86151,441792,0.48,0.52,0.65,0.5,-0.04,0.63,0.68,0.39,0.51,-0.05,-0.08,1.0,0.93,0.0,,refactor_mle_avg_better,commit_period_avg_better,Is_Company,True
149027,74004,139580,79181,441792,0.5,0.52,0.65,0.52,-0.0,0.65,0.65,0.41,0.51,-0.0,-0.02,1.0,0.93,0.0,,refactor_mle_avg_better,commit_days_avg_better,Is_Company,True
134179,107853,111666,88094,441792,0.55,0.5,0.56,0.55,0.08,0.6,0.51,0.4,0.5,0.09,0.09,1.0,0.99,0.01,,commit_hours_better,message_length_avg_better,Is_Company,True
169089,76429,76756,119518,441792,0.56,0.65,0.56,0.69,0.05,0.59,0.5,0.46,0.52,0.07,-0.15,0.93,0.99,0.0,,commit_hours_better,refactor_mle_avg_better,Is_Company,True
245845,1,0,195946,441792,0.56,1.0,0.56,1.0,0.0,0.56,0.0,0.56,0.56,0.0,-0.44,0.0,0.99,0.0,,commit_hours_better,owned_repository_avg_better,Is_Company,True
159603,118795,86242,77152,441792,0.63,0.54,0.56,0.65,0.21,0.67,0.42,0.49,0.5,0.25,0.18,1.0,0.99,0.05,,commit_hours_better,files_edited_avg_better,Is_Company,True
130642,77126,115203,118821,441792,0.47,0.56,0.56,0.53,-0.06,0.52,0.6,0.36,0.51,-0.07,-0.17,0.99,0.99,0.0,,commit_hours_better,ccp_avg_better,Is_Company,True
92564,98821,153281,97126,441792,0.43,0.43,0.56,0.38,-0.12,0.49,0.61,0.27,0.49,-0.12,-0.24,0.99,0.99,0.01,,commit_hours_better,same_date_duration_avg_avg_better,Is_Company,True
166329,130392,79516,65555,441792,0.67,0.52,0.56,0.68,0.29,0.72,0.38,0.53,0.5,0.34,0.28,1.0,0.99,0.09,,commit_hours_better,commit_period_avg_better,Is_Company,True
190317,158056,55528,37891,441792,0.79,0.52,0.56,0.77,0.5,0.83,0.26,0.67,0.5,0.57,0.53,1.0,0.99,0.26,,commit_hours_better,commit_days_avg_better,Is_Company,True
207104,52114,31283,165823,456324,0.57,0.82,0.52,0.87,0.06,0.56,0.38,0.51,0.51,0.1,-0.3,0.69,1.0,0.01,,message_length_avg_better,refactor_mle_avg_better,dev_group,Large
146786,101498,91601,116439,456324,0.54,0.58,0.52,0.62,0.07,0.56,0.47,0.41,0.5,0.08,-0.06,0.98,1.0,0.0,,message_length_avg_better,commit_hours_better,dev_group,Large
238339,20,48,217917,456324,0.52,1.0,0.52,1.0,-0.0,0.52,0.71,0.52,0.52,-0.0,-0.48,0.0,1.0,0.0,,message_length_avg_better,owned_repository_avg_better,dev_group,Large
147147,103002,91240,114935,456324,0.55,0.57,0.52,0.62,0.07,0.56,0.47,0.42,0.5,0.09,-0.05,0.98,1.0,0.01,,message_length_avg_better,files_edited_avg_better,dev_group,Large
162936,41514,75451,176423,456324,0.45,0.74,0.52,0.68,-0.08,0.48,0.65,0.39,0.51,-0.12,-0.4,0.82,1.0,0.02,,message_length_avg_better,ccp_avg_better,dev_group,Large
119408,110640,118979,107297,456324,0.5,0.5,0.52,0.5,0.01,0.53,0.52,0.35,0.5,0.01,0.0,1.0,1.0,0.0,,message_length_avg_better,same_date_duration_avg_avg_better,dev_group,Large
141469,105949,96918,111988,456324,0.54,0.56,0.52,0.59,0.07,0.56,0.48,0.4,0.5,0.08,-0.02,0.99,1.0,0.0,,message_length_avg_better,commit_period_avg_better,dev_group,Large
140252,110338,98135,107599,456324,0.55,0.54,0.52,0.59,0.08,0.57,0.47,0.41,0.5,0.09,0.01,0.99,1.0,0.01,,message_length_avg_better,commit_days_avg_better,dev_group,Large
207104,52114,165823,31283,456324,0.57,0.52,0.82,0.56,0.06,0.87,0.76,0.51,0.51,0.1,0.09,1.0,0.69,0.01,,refactor_mle_avg_better,message_length_avg_better,dev_group,Large
221087,41259,151840,42138,456324,0.57,0.58,0.82,0.59,0.03,0.84,0.79,0.53,0.55,0.05,-0.0,0.98,0.69,0.0,,refactor_mle_avg_better,commit_hours_better,dev_group,Large
372883,24,44,83373,456324,0.82,1.0,0.82,1.0,0.0,0.82,0.65,0.82,0.82,0.0,-0.18,0.0,0.69,0.0,,refactor_mle_avg_better,owned_repository_avg_better,dev_group,Large
225623,46938,147304,36459,456324,0.6,0.57,0.82,0.61,0.05,0.86,0.76,0.55,0.55,0.09,0.04,0.98,0.69,0.01,,refactor_mle_avg_better,files_edited_avg_better,dev_group,Large
286095,30133,86832,53264,456324,0.69,0.74,0.82,0.77,0.03,0.84,0.74,0.67,0.65,0.06,-0.07,0.82,0.69,0.01,,refactor_mle_avg_better,ccp_avg_better,dev_group,Large
183714,40406,189213,42991,456324,0.49,0.5,0.82,0.49,-0.01,0.81,0.82,0.44,0.5,-0.01,-0.02,1.0,0.69,0.0,,refactor_mle_avg_better,same_date_duration_avg_avg_better,dev_group,Large
211128,41068,161799,42329,456324,0.55,0.56,0.82,0.57,0.02,0.83,0.8,0.51,0.54,0.03,-0.0,0.99,0.69,0.0,,refactor_mle_avg_better,commit_period_avg_better,dev_group,Large
209969,45515,162958,37882,456324,0.56,0.54,0.82,0.56,0.04,0.85,0.78,0.51,0.53,0.06,0.03,0.99,0.69,0.01,,refactor_mle_avg_better,commit_days_avg_better,dev_group,Large
146786,101498,116439,91601,456324,0.54,0.52,0.58,0.56,0.07,0.62,0.53,0.41,0.5,0.08,0.04,1.0,0.98,0.0,,commit_hours_better,message_length_avg_better,dev_group,Large
221087,41259,42138,151840,456324,0.57,0.82,0.58,0.84,0.03,0.59,0.51,0.53,0.55,0.05,-0.3,0.69,0.98,0.0,,commit_hours_better,refactor_mle_avg_better,dev_group,Large
263190,33,35,193066,456324,0.58,1.0,0.58,1.0,0.0,0.58,0.51,0.58,0.58,0.0,-0.42,0.0,0.98,0.0,,commit_hours_better,owned_repository_avg_better,dev_group,Large
190815,121832,72410,71267,456324,0.69,0.57,0.58,0.72,0.26,0.73,0.37,0.57,0.51,0.34,0.19,0.98,0.98,0.09,,commit_hours_better,files_edited_avg_better,dev_group,Large
189672,43412,73553,149687,456324,0.51,0.74,0.58,0.72,-0.03,0.56,0.63,0.46,0.54,-0.05,-0.31,0.82,0.98,0.0,,commit_hours_better,ccp_avg_better,dev_group,Large
112398,78792,150827,114307,456324,0.42,0.5,0.58,0.43,-0.14,0.5,0.66,0.3,0.5,-0.16,-0.17,1.0,0.98,0.02,,commit_hours_better,same_date_duration_avg_avg_better,dev_group,Large
186610,126252,76615,66847,456324,0.69,0.56,0.58,0.71,0.28,0.74,0.38,0.57,0.51,0.35,0.23,0.99,0.98,0.1,,commit_hours_better,commit_period_avg_better,dev_group,Large
210869,156117,52356,36982,456324,0.8,0.54,0.58,0.8,0.47,0.85,0.25,0.7,0.51,0.59,0.48,0.99,0.98,0.28,,commit_hours_better,commit_days_avg_better,dev_group,Large
301671,10648,6490,296779,615588,0.51,0.97,0.5,0.98,0.01,0.5,0.38,0.5,0.5,0.01,-0.48,0.18,1.0,0.0,,message_length_avg_better,refactor_mle_avg_better,dev_group,Small
168612,147451,139549,159976,615588,0.51,0.53,0.5,0.55,0.03,0.51,0.49,0.36,0.5,0.03,-0.04,1.0,1.0,0.0,,message_length_avg_better,commit_hours_better,dev_group,Small
308035,157,126,307270,615588,0.5,1.0,0.5,1.0,0.0,0.5,0.45,0.5,0.5,0.0,-0.5,0.01,1.0,0.0,,message_length_avg_better,owned_repository_avg_better,dev_group,Small
184510,122010,123651,185417,615588,0.5,0.6,0.5,0.6,-0.0,0.5,0.5,0.37,0.5,-0.0,-0.17,0.97,1.0,0.0,,message_length_avg_better,files_edited_avg_better,dev_group,Small
279842,20285,28319,287142,615588,0.49,0.92,0.5,0.91,-0.01,0.49,0.58,0.47,0.5,-0.03,-0.47,0.4,1.0,0.0,,message_length_avg_better,ccp_avg_better,dev_group,Small
144765,164470,163396,142957,615588,0.5,0.47,0.5,0.47,0.01,0.5,0.5,0.32,0.5,0.0,-0.06,1.0,1.0,0.0,,message_length_avg_better,same_date_duration_avg_avg_better,dev_group,Small
149342,143777,158819,163650,615588,0.48,0.51,0.5,0.48,-0.05,0.48,0.52,0.32,0.5,-0.05,-0.06,1.0,1.0,0.0,,message_length_avg_better,commit_period_avg_better,dev_group,Small
161344,157096,146817,150331,615588,0.52,0.51,0.5,0.52,0.03,0.52,0.48,0.35,0.5,0.03,0.02,1.0,1.0,0.0,,message_length_avg_better,commit_days_avg_better,dev_group,Small
301671,10648,296779,6490,615588,0.51,0.5,0.97,0.5,0.01,0.98,0.97,0.5,0.5,0.01,0.01,1.0,0.18,0.0,,refactor_mle_avg_better,message_length_avg_better,dev_group,Small
320058,8608,278392,8530,615588,0.53,0.53,0.97,0.53,0.0,0.97,0.97,0.53,0.53,0.0,0.0,1.0,0.18,0.0,,refactor_mle_avg_better,commit_hours_better,dev_group,Small
598285,118,165,17020,615588,0.97,1.0,0.97,1.0,0.0,0.97,0.58,0.97,0.97,0.0,-0.03,0.01,0.18,0.0,,refactor_mle_avg_better,owned_repository_avg_better,dev_group,Small
362257,9468,236193,7670,615588,0.6,0.6,0.97,0.61,0.01,0.98,0.96,0.6,0.6,0.01,0.0,0.97,0.18,0.0,,refactor_mle_avg_better,files_edited_avg_better,dev_group,Small
553705,3859,44745,13279,615588,0.91,0.92,0.97,0.93,0.0,0.98,0.92,0.91,0.9,0.01,-0.02,0.4,0.18,0.0,,refactor_mle_avg_better,ccp_avg_better,dev_group,Small
279218,8634,319232,8504,615588,0.47,0.47,0.97,0.47,-0.0,0.97,0.97,0.46,0.47,-0.0,-0.12,1.0,0.18,0.0,,refactor_mle_avg_better,same_date_duration_avg_avg_better,dev_group,Small
303825,7971,294625,9167,615588,0.51,0.51,0.97,0.51,-0.0,0.97,0.97,0.5,0.51,-0.0,-0.0,1.0,0.18,0.0,,refactor_mle_avg_better,commit_period_avg_better,dev_group,Small
304262,9725,294188,7413,615588,0.51,0.51,0.97,0.51,0.0,0.98,0.97,0.5,0.51,0.01,0.01,1.0,0.18,0.0,,refactor_mle_avg_better,commit_days_avg_better,dev_group,Small
168612,147451,159976,139549,615588,0.51,0.5,0.53,0.51,0.03,0.55,0.52,0.36,0.5,0.03,0.03,1.0,1.0,0.0,,commit_hours_better,message_length_avg_better,dev_group,Small
320058,8608,8530,278392,615588,0.53,0.97,0.53,0.97,0.0,0.53,0.5,0.53,0.53,0.0,-0.45,0.18,1.0,0.0,,commit_hours_better,refactor_mle_avg_better,dev_group,Small
328444,139,144,286861,615588,0.53,1.0,0.53,1.0,0.0,0.53,0.51,0.53,0.53,0.0,-0.47,0.01,1.0,0.0,,commit_hours_better,owned_repository_avg_better,dev_group,Small
221350,138423,107238,148577,615588,0.58,0.6,0.53,0.67,0.12,0.6,0.44,0.46,0.51,0.15,-0.03,0.97,1.0,0.02,,commit_hours_better,files_edited_avg_better,dev_group,Small
297551,17567,31037,269433,615588,0.51,0.92,0.53,0.91,-0.02,0.52,0.64,0.5,0.53,-0.03,-0.44,0.4,1.0,0.0,,commit_hours_better,ccp_avg_better,dev_group,Small
110694,109972,217894,177028,615588,0.36,0.47,0.53,0.34,-0.28,0.38,0.66,0.22,0.5,-0.28,-0.33,1.0,1.0,0.06,,commit_hours_better,same_date_duration_avg_avg_better,dev_group,Small
194914,168922,133674,118078,615588,0.59,0.51,0.53,0.59,0.17,0.62,0.44,0.44,0.5,0.18,0.16,1.0,1.0,0.02,,commit_hours_better,commit_period_avg_better,dev_group,Small
227544,202869,101044,84131,615588,0.7,0.51,0.53,0.69,0.37,0.73,0.33,0.55,0.5,0.4,0.38,1.0,1.0,0.12,,commit_hours_better,commit_days_avg_better,dev_group,Small
1047685,141270,82663,974070,2245688,0.53,0.9,0.5,0.93,0.03,0.52,0.37,0.5,0.5,0.05,-0.41,0.47,1.0,0.01,,message_length_avg_better,refactor_mle_avg_better,dev_group,Medium
620260,531437,510088,583903,2245688,0.51,0.54,0.5,0.55,0.02,0.52,0.49,0.36,0.5,0.03,-0.04,1.0,1.0,0.0,,message_length_avg_better,commit_hours_better,dev_group,Medium
1130063,162,285,1115178,2245688,0.5,1.0,0.5,1.0,-0.0,0.5,0.64,0.5,0.5,-0.0,-0.5,0.0,1.0,0.0,,message_length_avg_better,owned_repository_avg_better,dev_group,Medium
693132,515354,437216,599986,2245688,0.54,0.58,0.5,0.61,0.06,0.54,0.46,0.4,0.5,0.08,-0.07,0.98,1.0,0.0,,message_length_avg_better,files_edited_avg_better,dev_group,Medium
873651,130151,256697,985189,2245688,0.45,0.83,0.5,0.77,-0.07,0.47,0.66,0.41,0.5,-0.11,-0.46,0.66,1.0,0.02,,message_length_avg_better,ccp_avg_better,dev_group,Medium
543053,609177,587295,506163,2245688,0.51,0.47,0.5,0.48,0.03,0.52,0.49,0.33,0.5,0.03,-0.04,1.0,1.0,0.0,,message_length_avg_better,same_date_duration_avg_avg_better,dev_group,Medium
578695,551064,551653,564276,2245688,0.5,0.51,0.5,0.51,0.01,0.51,0.5,0.34,0.5,0.01,-0.01,1.0,1.0,0.0,,message_length_avg_better,commit_period_avg_better,dev_group,Medium
607148,579543,523200,535797,2245688,0.53,0.51,0.5,0.54,0.06,0.53,0.47,0.36,0.5,0.06,0.04,1.0,1.0,0.0,,message_length_avg_better,commit_days_avg_better,dev_group,Medium
1047685,141270,974070,82663,2245688,0.53,0.5,0.9,0.52,0.03,0.93,0.87,0.5,0.5,0.05,0.05,1.0,0.47,0.01,,refactor_mle_avg_better,message_length_avg_better,dev_group,Medium
1091563,111333,930192,112600,2245688,0.54,0.54,0.9,0.54,0.01,0.91,0.89,0.51,0.53,0.01,-0.0,1.0,0.47,0.0,,refactor_mle_avg_better,commit_hours_better,dev_group,Medium
2021504,196,251,223737,2245688,0.9,1.0,0.9,1.0,0.0,0.9,0.56,0.9,0.9,0.0,-0.1,0.0,0.47,0.0,,refactor_mle_avg_better,owned_repository_avg_better,dev_group,Medium
1187099,117914,834656,106019,2245688,0.58,0.58,0.9,0.59,0.02,0.92,0.88,0.56,0.56,0.04,0.01,0.98,0.47,0.0,,refactor_mle_avg_better,files_edited_avg_better,dev_group,Medium
1692341,57434,329414,166499,2245688,0.78,0.83,0.9,0.84,0.01,0.91,0.85,0.77,0.76,0.02,-0.06,0.66,0.47,0.0,,refactor_mle_avg_better,ccp_avg_better,dev_group,Medium
944164,118881,1077591,105052,2245688,0.47,0.47,0.9,0.47,-0.0,0.9,0.9,0.44,0.47,-0.0,-0.11,1.0,0.47,0.0,,refactor_mle_avg_better,same_date_duration_avg_avg_better,dev_group,Medium
1024068,105030,997687,118903,2245688,0.5,0.51,0.9,0.51,-0.0,0.9,0.9,0.48,0.51,-0.01,-0.01,1.0,0.47,0.0,,refactor_mle_avg_better,commit_period_avg_better,dev_group,Medium
1034047,115035,987708,108898,2245688,0.51,0.51,0.9,0.51,0.0,0.9,0.9,0.49,0.51,0.01,0.01,1.0,0.47,0.0,,refactor_mle_avg_better,commit_days_avg_better,dev_group,Medium
620260,531437,583903,510088,2245688,0.51,0.5,0.54,0.52,0.02,0.55,0.52,0.36,0.5,0.03,0.02,1.0,1.0,0.0,,commit_hours_better,message_length_avg_better,dev_group,Medium
1091563,111333,112600,930192,2245688,0.54,0.9,0.54,0.91,0.01,0.54,0.5,0.51,0.53,0.01,-0.41,0.47,1.0,0.0,,commit_hours_better,refactor_mle_avg_better,dev_group,Medium
1203992,276,171,1041249,2245688,0.54,1.0,0.54,1.0,0.0,0.54,0.38,0.54,0.54,0.0,-0.46,0.0,1.0,0.0,,commit_hours_better,owned_repository_avg_better,dev_group,Medium
808324,556731,395839,484794,2245688,0.61,0.58,0.54,0.67,0.17,0.63,0.42,0.48,0.51,0.2,0.06,0.98,1.0,0.03,,commit_hours_better,files_edited_avg_better,dev_group,Medium
971909,154594,232254,886931,2245688,0.5,0.83,0.54,0.81,-0.02,0.52,0.6,0.46,0.52,-0.04,-0.39,0.66,1.0,0.0,,commit_hours_better,ccp_avg_better,dev_group,Medium
421475,413784,782688,627741,2245688,0.37,0.47,0.54,0.35,-0.25,0.4,0.65,0.23,0.5,-0.25,-0.3,1.0,1.0,0.05,,commit_hours_better,same_date_duration_avg_avg_better,dev_group,Medium
745330,643884,458833,397641,2245688,0.62,0.51,0.54,0.62,0.22,0.65,0.42,0.47,0.5,0.24,0.22,1.0,1.0,0.04,,commit_hours_better,commit_period_avg_better,dev_group,Medium
868359,766939,335804,274586,2245688,0.73,0.51,0.54,0.72,0.42,0.76,0.3,0.59,0.5,0.45,0.43,1.0,1.0,0.16,,commit_hours_better,commit_days_avg_better,dev_group,Medium
540,393,246,355,1534,0.61,0.58,0.51,0.69,0.18,0.6,0.38,0.47,0.5,0.21,0.04,0.98,1.0,0.03,,message_length_avg_better,refactor_mle_avg_better,dev_group,Single
547,383,239,365,1534,0.61,0.59,0.51,0.7,0.17,0.6,0.38,0.48,0.5,0.21,0.02,0.97,1.0,0.03,,message_length_avg_better,commit_hours_better,dev_group,Single
786,2,0,746,1534,0.51,1.0,0.51,1.0,0.0,0.51,0.0,0.51,0.51,0.0,-0.49,0.01,1.0,0.0,,message_length_avg_better,owned_repository_avg_better,dev_group,Single
468,391,318,357,1534,0.56,0.54,0.51,0.6,0.11,0.57,0.45,0.41,0.5,0.12,0.04,1.0,1.0,0.01,,message_length_avg_better,files_edited_avg_better,dev_group,Single
373,258,413,490,1534,0.41,0.56,0.51,0.47,-0.16,0.43,0.62,0.29,0.5,-0.18,-0.27,0.99,1.0,0.02,,message_length_avg_better,ccp_avg_better,dev_group,Single
324,301,462,447,1534,0.41,0.5,0.51,0.41,-0.18,0.42,0.61,0.26,0.5,-0.19,-0.19,1.0,1.0,0.02,,message_length_avg_better,same_date_duration_avg_avg_better,dev_group,Single
504,342,282,406,1534,0.55,0.59,0.51,0.64,0.08,0.55,0.45,0.42,0.5,0.1,-0.07,0.97,1.0,0.01,,message_length_avg_better,commit_period_avg_better,dev_group,Single
488,420,298,328,1534,0.59,0.53,0.51,0.62,0.17,0.6,0.42,0.44,0.5,0.18,0.11,1.0,1.0,0.02,,message_length_avg_better,commit_days_avg_better,dev_group,Single
540,393,355,246,1534,0.61,0.51,0.58,0.6,0.18,0.69,0.47,0.47,0.5,0.21,0.19,1.0,0.98,0.03,,refactor_mle_avg_better,message_length_avg_better,dev_group,Single
614,341,281,298,1534,0.62,0.59,0.58,0.69,0.15,0.67,0.45,0.51,0.52,0.21,0.05,0.97,0.98,0.04,,refactor_mle_avg_better,commit_hours_better,dev_group,Single
895,2,0,637,1534,0.58,1.0,0.58,1.0,0.0,0.58,0.0,0.58,0.58,0.0,-0.41,0.01,0.98,0.0,,refactor_mle_avg_better,owned_repository_avg_better,dev_group,Single
564,378,331,261,1534,0.61,0.54,0.58,0.63,0.17,0.68,0.47,0.49,0.51,0.21,0.14,1.0,0.98,0.03,,refactor_mle_avg_better,files_edited_avg_better,dev_group,Single
487,263,408,376,1534,0.49,0.56,0.58,0.54,-0.03,0.56,0.61,0.38,0.51,-0.04,-0.13,0.99,0.98,0.0,,refactor_mle_avg_better,ccp_avg_better,dev_group,Single
390,258,505,381,1534,0.42,0.5,0.58,0.44,-0.13,0.51,0.66,0.31,0.5,-0.16,-0.16,1.0,0.98,0.02,,refactor_mle_avg_better,same_date_duration_avg_avg_better,dev_group,Single
614,343,281,296,1534,0.62,0.59,0.58,0.69,0.16,0.67,0.45,0.52,0.52,0.21,0.05,0.97,0.98,0.04,,refactor_mle_avg_better,commit_period_avg_better,dev_group,Single
543,366,352,273,1534,0.59,0.53,0.58,0.61,0.14,0.67,0.49,0.46,0.51,0.17,0.11,1.0,0.98,0.02,,refactor_mle_avg_better,commit_days_avg_better,dev_group,Single
547,383,365,239,1534,0.61,0.51,0.59,0.6,0.17,0.7,0.49,0.48,0.5,0.21,0.18,1.0,0.97,0.03,,commit_hours_better,message_length_avg_better,dev_group,Single
614,341,298,281,1534,0.62,0.58,0.59,0.67,0.15,0.69,0.47,0.51,0.52,0.21,0.07,0.98,0.97,0.04,,commit_hours_better,refactor_mle_avg_better,dev_group,Single
911,1,1,621,1534,0.59,1.0,0.59,1.0,0.0,0.59,0.5,0.59,0.59,0.0,-0.4,0.01,0.97,0.0,,commit_hours_better,owned_repository_avg_better,dev_group,Single
646,443,266,179,1534,0.71,0.54,0.59,0.71,0.32,0.78,0.38,0.59,0.51,0.4,0.32,1.0,0.97,0.13,,commit_hours_better,files_edited_avg_better,dev_group,Single
477,236,435,386,1534,0.46,0.56,0.59,0.52,-0.07,0.55,0.65,0.37,0.51,-0.09,-0.17,0.99,0.97,0.01,,commit_hours_better,ccp_avg_better,dev_group,Single
399,250,513,372,1534,0.42,0.5,0.59,0.44,-0.13,0.52,0.67,0.31,0.5,-0.15,-0.16,1.0,0.97,0.02,,commit_hours_better,same_date_duration_avg_avg_better,dev_group,Single
678,390,234,232,1534,0.7,0.59,0.59,0.74,0.25,0.75,0.38,0.59,0.52,0.35,0.17,0.97,0.97,0.1,,commit_hours_better,commit_period_avg_better,dev_group,Single
715,521,197,101,1534,0.81,0.53,0.59,0.78,0.47,0.88,0.27,0.71,0.51,0.59,0.51,1.0,0.97,0.29,,commit_hours_better,commit_days_avg_better,dev_group,Single
252452,36825,23295,226556,539128,0.54,0.89,0.51,0.92,0.03,0.53,0.39,0.5,0.51,0.05,-0.4,0.5,1.0,0.01,,message_length_avg_better,refactor_mle_avg_better,popularity_group,Low
154309,123275,121438,140106,539128,0.51,0.55,0.51,0.56,0.02,0.52,0.5,0.37,0.5,0.03,-0.06,0.99,1.0,0.0,,message_length_avg_better,commit_hours_better,popularity_group,Low
275700,44,47,263337,539128,0.51,1.0,0.51,1.0,-0.0,0.51,0.52,0.51,0.51,-0.0,-0.49,0.0,1.0,0.0,,message_length_avg_better,owned_repository_avg_better,popularity_group,Low
169798,117404,105949,145977,539128,0.53,0.59,0.51,0.62,0.05,0.54,0.47,0.4,0.5,0.06,-0.09,0.98,1.0,0.0,,message_length_avg_better,files_edited_avg_better,popularity_group,Low
206892,34151,68855,229230,539128,0.45,0.81,0.51,0.75,-0.07,0.47,0.67,0.41,0.51,-0.12,-0.45,0.7,1.0,0.02,,message_length_avg_better,ccp_avg_better,popularity_group,Low
124394,141142,151353,122239,539128,0.49,0.46,0.51,0.45,-0.01,0.5,0.52,0.31,0.5,-0.01,-0.09,0.99,1.0,0.0,,message_length_avg_better,same_date_duration_avg_avg_better,popularity_group,Low
146157,129065,129590,134316,539128,0.51,0.52,0.51,0.53,0.02,0.52,0.5,0.36,0.5,0.02,-0.02,1.0,1.0,0.0,,message_length_avg_better,commit_period_avg_better,popularity_group,Low
147919,134953,127828,128428,539128,0.52,0.51,0.51,0.54,0.05,0.54,0.49,0.37,0.5,0.05,0.02,1.0,1.0,0.0,,message_length_avg_better,commit_days_avg_better,popularity_group,Low
252452,36825,226556,23295,539128,0.54,0.51,0.89,0.53,0.03,0.92,0.86,0.5,0.51,0.05,0.05,1.0,0.5,0.01,,refactor_mle_avg_better,message_length_avg_better,popularity_group,Low
262536,28241,216472,31879,539128,0.54,0.55,0.89,0.55,0.0,0.89,0.88,0.51,0.54,0.01,-0.01,0.99,0.5,0.0,,refactor_mle_avg_better,commit_hours_better,popularity_group,Low
478967,50,41,60070,539128,0.89,1.0,0.89,1.0,0.0,0.89,0.45,0.89,0.89,0.0,-0.11,0.0,0.5,0.0,,refactor_mle_avg_better,owned_repository_avg_better,popularity_group,Low
286591,30936,192417,29184,539128,0.59,0.59,0.89,0.6,0.02,0.91,0.86,0.56,0.57,0.04,0.01,0.98,0.5,0.0,,refactor_mle_avg_better,files_edited_avg_better,popularity_group,Low
393891,17889,85117,42231,539128,0.76,0.81,0.89,0.82,0.02,0.9,0.83,0.76,0.74,0.03,-0.06,0.7,0.5,0.01,,refactor_mle_avg_better,ccp_avg_better,popularity_group,Low
216971,30458,262037,29662,539128,0.46,0.46,0.89,0.45,-0.01,0.88,0.9,0.43,0.47,-0.02,-0.15,0.99,0.5,0.0,,refactor_mle_avg_better,same_date_duration_avg_avg_better,popularity_group,Low
246351,25998,232657,34122,539128,0.51,0.52,0.89,0.51,-0.01,0.88,0.9,0.48,0.52,-0.02,-0.03,1.0,0.5,0.0,,refactor_mle_avg_better,commit_period_avg_better,popularity_group,Low
246154,29927,232854,30193,539128,0.51,0.51,0.89,0.51,0.0,0.89,0.89,0.48,0.51,0.0,-0.0,1.0,0.5,0.0,,refactor_mle_avg_better,commit_days_avg_better,popularity_group,Low
154309,123275,140106,121438,539128,0.51,0.51,0.55,0.52,0.02,0.56,0.53,0.37,0.5,0.03,0.01,1.0,0.99,0.0,,commit_hours_better,message_length_avg_better,popularity_group,Low
262536,28241,31879,216472,539128,0.54,0.89,0.55,0.89,0.0,0.55,0.53,0.51,0.54,0.01,-0.39,0.5,0.99,0.0,,commit_hours_better,refactor_mle_avg_better,popularity_group,Low
294377,53,38,244660,539128,0.55,1.0,0.55,1.0,0.0,0.55,0.42,0.55,0.55,0.0,-0.45,0.0,0.99,0.0,,commit_hours_better,owned_repository_avg_better,popularity_group,Low
198061,126999,96354,117714,539128,0.6,0.59,0.55,0.67,0.15,0.63,0.43,0.48,0.51,0.19,0.03,0.98,0.99,0.03,,commit_hours_better,files_edited_avg_better,popularity_group,Low
232076,40667,62339,204046,539128,0.51,0.81,0.55,0.79,-0.03,0.53,0.61,0.47,0.53,-0.04,-0.37,0.7,0.99,0.0,,commit_hours_better,ccp_avg_better,popularity_group,Low
104201,102281,190214,142432,539128,0.38,0.46,0.55,0.35,-0.23,0.42,0.65,0.24,0.5,-0.23,-0.29,0.99,0.99,0.04,,commit_hours_better,same_date_duration_avg_avg_better,popularity_group,Low
187117,151357,107298,93356,539128,0.63,0.52,0.55,0.64,0.22,0.67,0.41,0.48,0.5,0.25,0.21,1.0,0.99,0.05,,commit_hours_better,commit_period_avg_better,popularity_group,Low
213159,181525,81256,63188,539128,0.73,0.51,0.55,0.72,0.41,0.77,0.31,0.6,0.5,0.46,0.43,1.0,0.99,0.16,,commit_hours_better,commit_days_avg_better,popularity_group,Low
167670,20160,10092,155418,353340,0.53,0.91,0.5,0.94,0.03,0.52,0.33,0.5,0.5,0.06,-0.42,0.42,1.0,0.01,,message_length_avg_better,refactor_mle_avg_better,popularity_group,High
100635,85921,77127,89657,353340,0.53,0.54,0.5,0.57,0.05,0.53,0.47,0.38,0.5,0.06,-0.02,1.0,1.0,0.0,,message_length_avg_better,commit_hours_better,popularity_group,High
177581,81,181,175497,353340,0.5,1.0,0.5,1.0,-0.0,0.5,0.69,0.5,0.5,-0.0,-0.5,0.01,1.0,0.0,,message_length_avg_better,owned_repository_avg_better,popularity_group,High
108509,85695,69253,89883,353340,0.55,0.56,0.5,0.61,0.09,0.55,0.45,0.41,0.5,0.1,-0.02,0.99,1.0,0.01,,message_length_avg_better,files_edited_avg_better,popularity_group,High
138266,18765,39496,156813,353340,0.44,0.84,0.5,0.78,-0.07,0.47,0.68,0.41,0.5,-0.11,-0.47,0.65,1.0,0.02,,message_length_avg_better,ccp_avg_better,popularity_group,High
87944,94249,89818,81329,353340,0.52,0.48,0.5,0.49,0.03,0.52,0.49,0.34,0.5,0.03,-0.01,1.0,1.0,0.0,,message_length_avg_better,same_date_duration_avg_avg_better,popularity_group,High
92607,86482,85155,89096,353340,0.51,0.51,0.5,0.52,0.01,0.51,0.5,0.35,0.5,0.01,-0.01,1.0,1.0,0.0,,message_length_avg_better,commit_period_avg_better,popularity_group,High
98759,93301,79003,82277,353340,0.54,0.51,0.5,0.56,0.08,0.55,0.46,0.38,0.5,0.09,0.06,1.0,1.0,0.01,,message_length_avg_better,commit_days_avg_better,popularity_group,High
167670,20160,155418,10092,353340,0.53,0.5,0.91,0.52,0.03,0.94,0.89,0.5,0.5,0.06,0.06,1.0,0.42,0.01,,refactor_mle_avg_better,message_length_avg_better,popularity_group,High
176198,16158,146890,14094,353340,0.54,0.54,0.91,0.55,0.01,0.93,0.9,0.52,0.53,0.02,0.01,1.0,0.42,0.0,,refactor_mle_avg_better,commit_hours_better,popularity_group,High
322929,103,159,30149,353340,0.91,1.0,0.91,1.0,0.0,0.91,0.61,0.91,0.91,0.0,-0.09,0.01,0.42,0.0,,refactor_mle_avg_better,owned_repository_avg_better,popularity_group,High
185915,17775,137173,12477,353340,0.58,0.56,0.91,0.58,0.02,0.94,0.89,0.55,0.55,0.05,0.03,0.99,0.42,0.01,,refactor_mle_avg_better,files_edited_avg_better,popularity_group,High
273816,8989,49272,21263,353340,0.8,0.84,0.91,0.85,0.01,0.93,0.85,0.8,0.78,0.03,-0.04,0.65,0.42,0.01,,refactor_mle_avg_better,ccp_avg_better,popularity_group,High
153607,14586,169481,15666,353340,0.48,0.48,0.91,0.48,-0.01,0.91,0.92,0.45,0.48,-0.01,-0.09,1.0,0.42,0.0,,refactor_mle_avg_better,same_date_duration_avg_avg_better,popularity_group,High
166917,15466,156171,14786,353340,0.52,0.51,0.91,0.52,0.0,0.92,0.91,0.49,0.51,0.01,0.0,1.0,0.42,0.0,,refactor_mle_avg_better,commit_period_avg_better,popularity_group,High
167819,17035,155269,13217,353340,0.52,0.51,0.91,0.52,0.01,0.93,0.9,0.5,0.51,0.03,0.02,1.0,0.42,0.0,,refactor_mle_avg_better,commit_days_avg_better,popularity_group,High
100635,85921,89657,77127,353340,0.53,0.5,0.54,0.53,0.05,0.57,0.51,0.38,0.5,0.06,0.05,1.0,1.0,0.0,,commit_hours_better,message_length_avg_better,popularity_group,High
176198,16158,14094,146890,353340,0.54,0.91,0.54,0.93,0.01,0.55,0.47,0.52,0.53,0.02,-0.4,0.42,1.0,0.0,,commit_hours_better,refactor_mle_avg_better,popularity_group,High
190168,138,124,162910,353340,0.54,1.0,0.54,1.0,0.0,0.54,0.47,0.54,0.54,0.0,-0.46,0.01,1.0,0.0,,commit_hours_better,owned_repository_avg_better,popularity_group,High
131027,95683,59265,67365,353340,0.64,0.56,0.54,0.69,0.23,0.66,0.38,0.51,0.5,0.27,0.14,0.99,1.0,0.06,,commit_hours_better,files_edited_avg_better,popularity_group,High
153395,21364,36897,141684,353340,0.49,0.84,0.54,0.81,-0.03,0.52,0.63,0.46,0.53,-0.06,-0.41,0.65,1.0,0.01,,commit_hours_better,ccp_avg_better,popularity_group,High
69383,63158,120909,99890,353340,0.38,0.48,0.54,0.36,-0.24,0.41,0.66,0.24,0.5,-0.25,-0.28,1.0,1.0,0.04,,commit_hours_better,same_date_duration_avg_avg_better,popularity_group,High
119749,101094,70543,61954,353340,0.63,0.51,0.54,0.63,0.22,0.66,0.41,0.47,0.5,0.25,0.22,1.0,1.0,0.05,,commit_hours_better,commit_period_avg_better,popularity_group,High
139722,121734,50570,41314,353340,0.74,0.51,0.54,0.73,0.43,0.77,0.29,0.6,0.5,0.48,0.44,1.0,1.0,0.17,,commit_hours_better,commit_days_avg_better,popularity_group,High
843911,93399,43113,785885,1766308,0.53,0.92,0.5,0.95,0.03,0.52,0.32,0.5,0.5,0.06,-0.42,0.39,1.0,0.01,,message_length_avg_better,refactor_mle_avg_better,popularity_group,Medium
490971,427440,396053,451844,1766308,0.52,0.53,0.5,0.55,0.04,0.52,0.48,0.37,0.5,0.04,-0.03,1.0,1.0,0.0,,message_length_avg_better,commit_hours_better,popularity_group,Medium
886796,177,228,879107,1766308,0.5,1.0,0.5,1.0,-0.0,0.5,0.56,0.5,0.5,-0.0,-0.5,0.0,1.0,0.0,,message_length_avg_better,owned_repository_avg_better,popularity_group,Medium
536628,379515,350396,499769,1766308,0.52,0.59,0.5,0.6,0.03,0.52,0.48,0.39,0.5,0.04,-0.12,0.98,1.0,0.0,,message_length_avg_better,files_edited_avg_better,popularity_group,Medium
728191,80064,158833,799220,1766308,0.46,0.86,0.5,0.82,-0.05,0.48,0.66,0.43,0.5,-0.09,-0.47,0.57,1.0,0.01,,message_length_avg_better,ccp_avg_better,popularity_group,Medium
425857,471418,461167,407866,1766308,0.51,0.47,0.5,0.48,0.02,0.51,0.49,0.33,0.5,0.02,-0.04,1.0,1.0,0.0,,message_length_avg_better,same_date_duration_avg_avg_better,popularity_group,Medium
444700,426664,442324,452620,1766308,0.49,0.51,0.5,0.5,-0.01,0.5,0.51,0.33,0.5,-0.01,-0.03,1.0,1.0,0.0,,message_length_avg_better,commit_period_avg_better,popularity_group,Medium
474282,456030,412742,423254,1766308,0.53,0.51,0.5,0.53,0.05,0.53,0.48,0.36,0.5,0.05,0.04,1.0,1.0,0.0,,message_length_avg_better,commit_days_avg_better,popularity_group,Medium
843911,93399,785885,43113,1766308,0.53,0.5,0.92,0.52,0.03,0.95,0.89,0.5,0.5,0.06,0.06,1.0,0.39,0.01,,refactor_mle_avg_better,message_length_avg_better,popularity_group,Medium
877151,70848,752645,65664,1766308,0.54,0.53,0.92,0.54,0.01,0.93,0.91,0.52,0.53,0.02,0.01,1.0,0.39,0.0,,refactor_mle_avg_better,commit_hours_better,popularity_group,Medium
1629586,195,210,136317,1766308,0.92,1.0,0.92,1.0,0.0,0.92,0.52,0.92,0.92,0.0,-0.08,0.0,0.39,0.0,,refactor_mle_avg_better,owned_repository_avg_better,popularity_group,Medium
977438,77553,652358,58959,1766308,0.6,0.59,0.92,0.6,0.02,0.94,0.89,0.58,0.57,0.04,0.02,0.98,0.39,0.01,,refactor_mle_avg_better,files_edited_avg_better,popularity_group,Medium
1422736,31837,207060,104675,1766308,0.82,0.86,0.92,0.87,0.01,0.93,0.87,0.82,0.81,0.02,-0.05,0.57,0.39,0.0,,refactor_mle_avg_better,ccp_avg_better,popularity_group,Medium
770092,72881,859704,63631,1766308,0.48,0.47,0.92,0.47,0.0,0.92,0.92,0.45,0.48,0.0,-0.1,1.0,0.39,0.0,,refactor_mle_avg_better,same_date_duration_avg_avg_better,popularity_group,Medium
827862,67054,801934,69458,1766308,0.51,0.51,0.92,0.51,-0.0,0.92,0.92,0.49,0.51,-0.0,-0.0,1.0,0.39,0.0,,refactor_mle_avg_better,commit_period_avg_better,popularity_group,Medium
835295,74271,794501,62241,1766308,0.51,0.51,0.92,0.51,0.01,0.93,0.91,0.49,0.51,0.02,0.01,1.0,0.39,0.0,,refactor_mle_avg_better,commit_days_avg_better,popularity_group,Medium
490971,427440,451844,396053,1766308,0.52,0.5,0.53,0.52,0.04,0.55,0.51,0.37,0.5,0.04,0.04,1.0,1.0,0.0,,commit_hours_better,message_length_avg_better,popularity_group,Medium
877151,70848,65664,752645,1766308,0.54,0.92,0.53,0.93,0.01,0.54,0.48,0.52,0.53,0.02,-0.42,0.39,1.0,0.0,,commit_hours_better,refactor_mle_avg_better,popularity_group,Medium
942653,243,162,823250,1766308,0.53,1.0,0.53,1.0,0.0,0.53,0.4,0.53,0.53,0.0,-0.47,0.0,1.0,0.0,,commit_hours_better,owned_repository_avg_better,popularity_group,Medium
638688,425784,304127,397709,1766308,0.6,0.59,0.53,0.68,0.15,0.62,0.42,0.48,0.51,0.19,0.03,0.98,1.0,0.03,,commit_hours_better,files_edited_avg_better,popularity_group,Medium
794244,90326,148571,733167,1766308,0.5,0.86,0.53,0.84,-0.03,0.52,0.62,0.47,0.52,-0.05,-0.42,0.57,1.0,0.0,,commit_hours_better,ccp_avg_better,popularity_group,Medium
323778,313548,619037,509945,1766308,0.36,0.47,0.53,0.34,-0.27,0.39,0.66,0.22,0.5,-0.28,-0.32,1.0,1.0,0.06,,commit_hours_better,same_date_duration_avg_avg_better,popularity_group,Medium
574135,500308,368680,323185,1766308,0.61,0.51,0.53,0.61,0.2,0.64,0.42,0.45,0.5,0.22,0.2,1.0,1.0,0.03,,commit_hours_better,commit_period_avg_better,popularity_group,Medium
672123,598080,270692,225413,1766308,0.72,0.51,0.53,0.71,0.4,0.75,0.31,0.58,0.5,0.44,0.42,1.0,1.0,0.14,,commit_hours_better,commit_days_avg_better,popularity_group,Medium
27624,5779,2959,24208,60570,0.55,0.86,0.5,0.9,0.06,0.53,0.34,0.5,0.5,0.1,-0.36,0.6,1.0,0.01,,message_length_avg_better,refactor_mle_avg_better,popularity_group,Extraordinary
17373,14684,13210,15303,60570,0.53,0.54,0.5,0.57,0.05,0.53,0.47,0.38,0.5,0.06,-0.02,1.0,1.0,0.0,,message_length_avg_better,commit_hours_better,popularity_group,Extraordinary
30562,12,21,29975,60570,0.5,1.0,0.5,1.0,-0.0,0.5,0.64,0.5,0.5,-0.0,-0.49,0.01,1.0,0.0,,message_length_avg_better,owned_repository_avg_better,popularity_group,Extraordinary
17845,14714,12738,15273,60570,0.54,0.55,0.5,0.58,0.07,0.54,0.46,0.39,0.5,0.07,-0.02,0.99,1.0,0.0,,message_length_avg_better,files_edited_avg_better,popularity_group,Extraordinary
19696,5044,10887,24943,60570,0.41,0.74,0.5,0.64,-0.13,0.44,0.68,0.35,0.5,-0.19,-0.45,0.83,1.0,0.03,,message_length_avg_better,ccp_avg_better,popularity_group,Extraordinary
15228,15646,15355,14341,60570,0.51,0.49,0.5,0.5,0.02,0.51,0.5,0.34,0.5,0.02,-0.0,1.0,1.0,0.0,,message_length_avg_better,same_date_duration_avg_avg_better,popularity_group,Extraordinary
16095,14805,14488,15182,60570,0.51,0.52,0.5,0.53,0.02,0.51,0.49,0.35,0.5,0.02,-0.01,1.0,1.0,0.0,,message_length_avg_better,commit_period_avg_better,popularity_group,Extraordinary
16395,15202,14188,14785,60570,0.52,0.51,0.5,0.54,0.04,0.53,0.48,0.36,0.5,0.04,0.01,1.0,1.0,0.0,,message_length_avg_better,commit_days_avg_better,popularity_group,Extraordinary
27624,5779,24208,2959,60570,0.55,0.5,0.86,0.53,0.06,0.9,0.81,0.5,0.5,0.1,0.09,1.0,0.6,0.01,,refactor_mle_avg_better,message_length_avg_better,popularity_group,Extraordinary
28891,4953,22941,3785,60570,0.56,0.54,0.86,0.56,0.03,0.88,0.82,0.52,0.53,0.06,0.04,1.0,0.6,0.01,,refactor_mle_avg_better,commit_hours_better,popularity_group,Extraordinary
51809,10,23,8728,60570,0.86,1.0,0.86,1.0,0.0,0.86,0.7,0.86,0.86,0.0,-0.14,0.01,0.6,0.0,,refactor_mle_avg_better,owned_repository_avg_better,popularity_group,Extraordinary
29964,5584,21868,3154,60570,0.59,0.55,0.86,0.58,0.06,0.9,0.8,0.54,0.53,0.1,0.07,0.99,0.6,0.02,,refactor_mle_avg_better,files_edited_avg_better,popularity_group,Extraordinary
38550,2649,13282,6089,60570,0.68,0.74,0.86,0.74,0.01,0.86,0.83,0.67,0.67,0.02,-0.08,0.83,0.6,0.0,,refactor_mle_avg_better,ccp_avg_better,popularity_group,Extraordinary
25016,4185,26816,4553,60570,0.48,0.49,0.86,0.48,-0.01,0.85,0.87,0.44,0.49,-0.02,-0.06,1.0,0.6,0.0,,refactor_mle_avg_better,same_date_duration_avg_avg_better,popularity_group,Extraordinary
27391,4852,24441,3886,60570,0.53,0.52,0.86,0.53,0.02,0.88,0.83,0.49,0.51,0.04,0.03,1.0,0.6,0.0,,refactor_mle_avg_better,commit_period_avg_better,popularity_group,Extraordinary
27603,5161,24229,3577,60570,0.54,0.51,0.86,0.53,0.03,0.89,0.82,0.5,0.51,0.06,0.05,1.0,0.6,0.01,,refactor_mle_avg_better,commit_days_avg_better,popularity_group,Extraordinary
17373,14684,15303,13210,60570,0.53,0.5,0.54,0.53,0.05,0.57,0.51,0.38,0.5,0.06,0.05,1.0,1.0,0.0,,commit_hours_better,message_length_avg_better,popularity_group,Extraordinary
28891,4953,3785,22941,60570,0.56,0.86,0.54,0.88,0.03,0.56,0.43,0.52,0.53,0.06,-0.35,0.6,1.0,0.01,,commit_hours_better,refactor_mle_avg_better,popularity_group,Extraordinary
32655,12,21,27882,60570,0.54,1.0,0.54,1.0,-0.0,0.54,0.64,0.54,0.54,-0.0,-0.46,0.01,1.0,0.0,,commit_hours_better,owned_repository_avg_better,popularity_group,Extraordinary
23041,17817,9635,10077,60570,0.67,0.55,0.54,0.71,0.29,0.7,0.35,0.54,0.5,0.34,0.23,0.99,1.0,0.09,,commit_hours_better,files_edited_avg_better,popularity_group,Extraordinary
22460,5715,10216,22179,60570,0.47,0.74,0.54,0.69,-0.07,0.5,0.64,0.41,0.52,-0.1,-0.37,0.83,1.0,0.01,,commit_hours_better,ccp_avg_better,popularity_group,Extraordinary
11866,10191,20810,17703,60570,0.36,0.49,0.54,0.36,-0.26,0.4,0.67,0.24,0.5,-0.27,-0.29,1.0,1.0,0.05,,commit_hours_better,same_date_duration_avg_avg_better,popularity_group,Extraordinary
21812,18429,10864,9465,60570,0.66,0.52,0.54,0.67,0.29,0.7,0.37,0.52,0.5,0.33,0.29,1.0,1.0,0.08,,commit_hours_better,commit_period_avg_better,popularity_group,Extraordinary
26092,22806,6584,5088,60570,0.81,0.51,0.54,0.8,0.55,0.84,0.22,0.69,0.5,0.61,0.57,1.0,1.0,0.29,,commit_hours_better,commit_days_avg_better,popularity_group,Extraordinary
