cases,developers,a_popularity_group,message_length_avg_better,refactor_mle_avg_better,commit_hours_better,message_length_avg_same,commit_hours_same,owned_repository_avg_better,files_edited_avg_better,ccp_avg_better,same_date_duration_avg_avg_better,commit_period_avg_better,commit_days_avg_better
1,1,Low,1,1,0,0,0,0,0,1,0,1,0
1,1,Low,0,0,0,0,0,0,0,0,0,0,0
1,1,Low,1,1,1,0,1,0,1,1,0,0,0
1,1,Low,0,1,1,0,1,0,0,1,0,0,0
1,1,Low,0,0,1,0,1,0,0,1,0,0,1
1,1,Low,1,1,1,0,0,0,1,0,0,1,1
1,1,Low,0,0,1,0,0,0,1,1,1,0,1
1,1,Low,0,1,1,0,1,0,1,1,1,0,1
1,1,Low,0,1,1,0,0,0,0,0,0,0,0
3,1,Low,1,1,1,1,0,1,0,1,1,1,0
1,1,Low,0,1,0,0,0,0,0,0,1,1,0
1,1,Low,0,1,1,0,0,0,1,0,1,0,1
1,1,Low,1,0,1,0,0,0,0,0,1,1,1
1,1,Low,1,1,1,0,0,0,1,0,0,1,0
1,1,Low,1,0,1,0,0,0,1,0,1,0,0
1,1,Low,1,0,1,0,1,0,0,1,1,1,1
1,1,Low,0,1,1,0,0,0,0,1,0,0,1
1,1,Low,1,1,1,0,0,0,0,1,0,1,1
1,1,Low,1,1,1,0,0,0,1,1,1,0,1
1,1,Low,1,0,0,0,0,0,1,0,1,0,0
1,1,Low,0,1,0,0,0,0,1,1,0,0,0
1,1,Low,0,1,0,0,0,0,1,1,1,0,1
1,1,Low,0,0,1,0,1,0,0,1,0,0,0
1,1,Low,1,1,0,0,0,0,0,1,1,0,1
6,1,Low,1,1,1,1,1,1,1,1,0,0,1
1,1,Low,0,0,0,0,0,0,1,0,0,0,0
1,1,Low,1,0,0,0,0,0,1,0,1,1,1
1,1,Low,1,1,1,0,1,0,0,1,0,1,0
1,1,Low,1,1,1,1,0,1,1,1,1,0,0
1,1,Low,1,0,0,0,0,0,0,0,1,1,0
1,1,Low,1,1,1,0,1,0,0,0,1,0,1
1,1,Low,1,1,1,0,0,0,0,1,0,0,1
1,1,Low,1,0,1,0,0,0,1,0,0,0,1
1,1,Low,1,1,1,0,0,0,0,0,1,1,0
1,1,Low,1,1,1,0,1,0,0,1,1,0,0
1,1,Low,0,1,1,0,1,0,0,0,1,0,1
1,1,Low,1,1,1,0,1,0,1,0,0,0,0
1,1,Low,1,0,1,0,0,0,0,0,0,1,1
1,1,Low,1,1,1,0,1,0,1,1,1,1,0
1,1,Low,0,1,0,0,0,0,0,1,1,0,1
1,1,Low,0,1,0,0,0,0,1,0,1,1,1
1,1,Low,0,0,1,0,0,0,1,1,0,1,1
2,1,Low,1,1,1,1,1,1,1,1,1,0,1
1,1,Low,0,0,0,0,0,0,0,0,1,1,1
1,1,Low,1,1,0,0,0,0,1,0,1,0,1
1,1,Low,1,1,0,1,0,1,0,1,1,0,1
1,1,Low,0,1,1,0,1,0,0,0,1,0,0
1,1,Low,1,1,1,0,1,0,1,1,1,1,1
1,1,Low,1,1,1,0,1,0,0,0,0,1,1
1,1,Low,1,1,1,0,0,0,0,0,0,0,1
1,1,Low,0,1,0,0,0,0,1,1,1,0,0
1,1,Low,0,1,1,0,0,0,1,0,1,1,0
1,1,Low,0,0,0,0,0,0,0,0,0,0,1
1,1,Low,0,1,0,0,0,0,0,0,0,0,1
1,1,Low,1,1,1,1,1,1,0,1,1,1,1
1,1,Low,0,1,0,0,0,0,0,1,1,1,1
1,1,Low,1,0,1,0,1,0,0,1,1,0,1
1,1,Low,0,0,0,0,0,0,0,1,0,1,0
1,1,Low,1,1,1,0,0,0,0,0,0,1,0
1,1,Low,1,0,1,0,1,0,0,0,1,1,0
1,1,Low,0,1,1,0,0,0,0,1,0,1,0
1,1,Low,1,0,0,0,0,0,1,1,1,0,1
1,1,Low,1,0,0,0,0,0,0,1,1,1,0
1,1,Low,0,1,0,0,0,0,1,0,1,0,0
1,1,Low,0,1,1,0,1,0,0,0,1,1,0
1,1,Low,0,0,1,0,0,0,0,1,0,0,1
1,1,Low,0,1,1,0,0,0,0,0,1,1,1
1,1,Low,0,0,1,0,0,0,1,0,1,0,1
1,1,Low,0,0,1,0,1,0,1,0,1,1,1
1,1,Low,1,0,0,0,0,0,1,0,1,0,1
1,1,Low,0,1,1,0,1,0,1,0,1,1,1
1,1,Low,1,0,0,0,0,0,1,1,0,1,0
1,1,Low,1,0,1,0,0,0,0,1,0,0,1
1,1,Low,1,1,0,0,0,0,0,1,1,1,0
1,1,Low,1,1,0,0,0,0,0,1,0,0,1
1,1,Low,0,0,1,0,1,0,0,1,1,1,1
1,1,Low,0,1,1,0,1,0,0,0,0,1,1
1,1,Low,1,1,0,0,0,0,1,0,1,0,0
1,1,Low,0,0,1,0,1,0,0,0,1,0,1
5,1,Low,1,1,0,1,0,1,0,1,0,1,1
1,1,Low,0,0,1,0,1,0,0,0,1,1,0
1,1,Low,0,1,0,0,0,0,1,1,1,1,0
1,1,Low,0,1,0,0,0,0,1,0,0,0,1
2,2,Low,0,1,1,0,0,0,1,1,1,0,1
2,2,Low,0,0,0,0,0,0,0,1,0,0,0
2,2,Low,0,0,0,0,0,0,0,1,1,1,0
2,2,Low,0,1,0,0,0,0,0,1,0,0,0
2,2,Low,1,0,0,0,0,0,0,0,1,0,0
2,2,Low,1,0,1,0,0,0,1,1,1,1,1
2,2,Low,0,0,1,0,0,0,0,1,1,0,1
2,2,Low,1,1,0,0,0,0,0,0,0,0,0
2,2,Low,1,0,1,0,0,0,1,0,1,1,1
2,2,Low,0,1,1,0,0,0,1,1,0,1,1
2,2,Low,0,1,1,0,0,0,1,1,0,0,1
2,2,Low,1,1,1,0,0,0,0,0,1,1,1
4,2,Low,1,1,1,1,1,1,0,1,0,0,0
2,2,Low,0,0,1,0,1,0,0,1,1,1,0
2,2,Low,0,1,1,0,0,0,0,1,0,1,1
2,2,Low,0,1,1,0,0,0,1,0,0,0,1
2,2,Low,1,1,1,0,0,0,1,0,1,1,1
2,2,Low,0,1,0,0,0,0,0,1,1,0,0
2,2,Low,1,1,0,0,0,0,0,0,1,1,0
2,2,Low,1,0,1,0,0,0,1,0,0,1,1
2,2,Low,0,1,0,0,0,0,0,1,1,1,0
2,2,Low,0,1,1,0,0,0,0,1,1,0,1
2,2,Low,1,1,1,0,0,0,0,1,1,1,0
2,2,Low,1,1,1,1,0,1,0,1,1,0,1
2,2,Low,1,1,0,0,0,0,0,1,0,0,0
2,2,Low,1,1,1,1,0,1,0,1,1,0,0
4,2,Low,1,1,1,1,0,1,0,1,0,0,1
2,2,Low,0,0,0,0,0,0,0,0,1,0,0
2,2,Low,1,1,1,0,0,0,1,0,0,0,1
2,2,Low,1,1,0,0,0,0,1,0,0,0,0
2,2,Low,1,0,1,0,1,0,0,0,0,1,0
2,2,Low,1,1,1,0,0,0,0,0,1,0,0
7,2,Low,1,1,0,1,0,1,0,1,0,1,0
2,2,Low,0,0,1,0,1,0,1,1,0,1,1
2,2,Low,1,1,1,0,0,0,1,1,0,1,1
2,2,Low,1,1,1,0,1,0,0,0,0,0,0
2,2,Low,0,1,1,0,0,0,1,1,0,0,0
2,2,Low,1,1,1,1,0,1,1,1,1,1,0
2,2,Low,0,0,1,0,0,0,1,0,1,1,1
2,2,Low,0,0,1,0,1,0,1,1,1,1,1
5,3,Low,1,1,1,1,1,1,0,1,0,1,0
3,3,Low,0,1,0,0,0,0,0,0,1,0,0
4,3,Low,1,1,1,1,1,1,1,1,0,0,0
3,3,Low,1,0,0,0,0,0,0,1,0,1,0
3,3,Low,0,0,0,0,0,0,1,1,1,0,0
10,3,Low,1,1,0,1,0,1,0,1,0,0,1
14,3,Low,1,1,1,1,0,1,0,1,0,1,0
4,3,Low,1,1,1,1,1,1,1,1,0,1,0
4,3,Low,1,1,0,0,0,0,0,0,1,0,0
3,3,Low,1,1,1,1,1,1,0,1,1,1,0
3,3,Low,1,1,1,1,1,1,1,1,1,1,0
3,3,Low,1,0,0,0,0,0,0,1,1,0,0
3,3,Low,0,0,1,0,0,0,0,0,0,1,1
3,3,Low,1,1,0,1,0,1,1,1,1,0,1
3,3,Low,1,1,1,1,1,1,1,1,1,0,0
3,3,Low,1,1,1,1,0,1,1,1,1,0,1
3,3,Low,0,1,0,0,0,0,0,0,0,0,0
276,259,Low,0,1,1,0,0,1,1,1,1,0,1
4,4,Low,1,1,1,0,0,0,0,1,0,0,0
4,4,Low,1,1,1,1,1,1,0,1,0,0,1
6,4,Low,1,1,1,1,0,1,1,1,0,1,0
14,4,Low,1,1,0,1,0,1,1,1,0,1,0
4,4,Low,1,0,0,0,0,0,0,0,0,0,0
4,4,Low,0,0,1,0,0,0,1,1,0,0,1
4,4,Low,1,1,1,1,1,1,1,1,1,1,1
4,4,Low,0,0,0,0,0,0,0,1,1,1,1
4,4,Low,0,1,1,0,0,0,1,0,0,1,1
17,5,Low,1,1,0,1,0,1,1,1,0,1,1
5,5,Low,1,1,0,0,0,0,0,1,1,0,0
5,5,Low,1,1,0,1,0,1,1,1,1,1,1
5,5,Low,1,1,1,1,1,1,0,1,0,1,1
5,5,Low,1,0,0,0,0,0,0,1,0,0,0
278,261,Low,0,0,0,0,0,1,0,0,0,0,0
18,6,Low,1,1,0,1,0,1,1,1,0,0,1
6,6,Low,1,1,1,0,0,0,1,1,0,0,1
7,6,Low,1,1,0,1,0,1,0,1,1,1,0
8,6,Low,1,1,0,1,0,1,1,1,1,0,0
6,6,Low,1,1,0,1,0,1,0,1,1,0,0
21,6,Low,1,1,1,1,0,1,0,1,0,0,0
6,6,Low,1,1,0,1,0,1,1,1,1,1,0
7,7,Low,0,1,1,0,1,1,1,0,1,1,0
7,7,Low,0,0,1,0,1,1,1,0,1,1,0
11,8,Low,1,1,1,1,0,1,1,1,0,0,0
8,8,Low,1,0,1,0,1,1,1,0,1,0,0
8,8,Low,1,0,1,0,1,1,1,1,1,1,0
9,9,Low,0,0,0,0,0,0,0,1,1,0,0
9,9,Low,0,1,1,0,1,1,1,0,1,0,0
14,9,Low,1,1,1,1,0,1,0,1,0,1,1
284,265,Low,0,1,1,0,0,1,1,0,1,1,1
10,10,Low,1,0,1,0,1,1,1,1,0,1,0
11,11,Low,0,0,1,0,1,1,1,0,1,0,0
11,11,Low,1,0,1,0,1,1,0,0,0,0,1
21,11,Low,1,1,0,1,0,1,1,1,0,0,0
12,11,Low,0,1,1,0,1,1,1,0,0,1,0
12,11,Low,1,0,1,0,1,1,1,0,1,1,0
12,12,Low,1,0,1,0,1,1,0,0,0,1,1
22,12,Low,1,1,1,1,0,1,1,1,0,0,1
12,12,Low,1,0,0,0,0,1,0,1,0,0,1
12,12,Low,1,1,1,1,0,1,1,1,1,1,1
13,13,Low,1,0,1,0,1,1,0,1,0,0,1
13,13,Low,0,0,1,0,1,1,0,1,0,1,1
13,13,Low,1,0,1,0,1,1,0,1,1,1,0
13,13,Low,0,0,0,0,0,1,0,0,0,0,1
13,13,Low,1,0,1,0,1,1,1,1,0,0,1
23,13,Low,1,1,1,1,1,1,1,1,0,1,1
13,13,Low,1,0,0,0,0,1,0,1,0,1,1
304,269,Low,1,1,1,0,0,1,1,1,0,0,1
14,14,Low,1,0,1,0,1,1,0,0,1,0,1
15,14,Low,1,0,1,0,1,1,1,1,0,0,0
15,14,Low,0,0,1,0,1,1,1,1,0,1,0
15,14,Low,1,0,1,0,0,1,1,1,1,0,0
15,15,Low,0,0,1,0,1,1,1,0,0,1,0
15,15,Low,0,0,1,0,1,1,0,0,0,0,1
15,15,Low,1,0,1,0,0,1,1,0,1,0,0
16,15,Low,1,0,0,0,0,1,0,0,0,1,1
16,15,Low,0,0,1,0,0,1,1,0,1,1,0
15,15,Low,1,0,1,0,1,1,0,1,0,1,1
17,15,Low,1,0,1,0,1,1,1,0,0,0,1
16,16,Low,0,0,1,0,1,1,1,1,1,1,0
32,16,Low,1,1,0,1,0,1,0,1,0,0,0
16,16,Low,1,0,1,0,1,1,0,1,1,1,1
16,16,Low,1,0,1,0,0,1,1,1,1,1,0
17,16,Low,0,1,0,0,0,1,0,0,0,1,1
16,16,Low,1,0,1,0,1,1,0,1,1,0,1
16,16,Low,0,1,1,0,1,1,0,0,0,0,1
17,16,Low,1,1,1,0,1,1,0,0,1,1,1
43,17,Low,1,1,1,1,0,1,1,1,0,1,1
17,17,Low,1,0,1,0,1,1,1,1,1,0,0
19,18,Low,1,1,0,0,0,1,0,0,0,1,1
18,18,Low,0,0,1,0,1,1,0,0,1,0,1
18,18,Low,1,0,1,0,0,1,0,1,1,1,0
18,18,Low,1,1,1,0,1,1,0,1,0,0,1
20,18,Low,1,1,1,0,1,1,1,0,1,1,0
18,18,Low,1,0,1,0,1,1,1,0,0,1,0
18,18,Low,0,1,1,0,0,1,1,0,1,1,0
285,274,Low,1,0,0,0,0,1,0,0,0,0,0
19,19,Low,0,1,1,0,1,1,1,1,0,1,0
19,19,Low,0,1,0,0,0,1,0,0,0,0,1
19,19,Low,0,0,1,0,1,1,0,0,0,1,1
20,19,Low,0,1,1,0,1,1,0,0,0,1,1
23,19,Low,1,1,1,0,1,1,1,1,0,1,0
22,20,Low,1,0,0,0,0,1,0,1,1,1,1
20,20,Low,0,0,1,0,1,1,0,1,0,0,1
21,20,Low,1,1,1,0,1,1,0,0,0,0,1
20,20,Low,1,0,1,0,1,1,0,0,1,1,0
21,20,Low,0,1,1,0,1,1,0,0,1,1,0
20,20,Low,0,0,1,0,1,1,0,0,1,1,1
23,21,Low,0,1,1,0,1,1,0,0,1,0,1
21,21,Low,1,0,1,0,1,1,1,0,1,0,1
21,21,Low,0,1,1,0,1,1,0,0,1,1,1
21,21,Low,1,0,1,0,1,1,0,1,0,1,0
22,21,Low,1,0,0,0,0,1,1,0,0,0,1
22,22,Low,1,0,0,0,0,1,0,0,0,0,1
23,22,Low,0,0,1,0,1,1,1,0,0,0,0
24,22,Low,0,1,1,0,0,1,1,0,1,0,0
22,22,Low,0,1,1,0,1,1,0,0,0,1,0
22,22,Low,0,0,1,0,1,1,1,0,0,0,1
22,22,Low,0,0,1,0,0,1,1,1,1,1,0
23,23,Low,1,1,0,0,0,1,0,0,0,0,1
24,23,Low,0,0,1,0,1,1,0,1,1,0,1
23,23,Low,1,0,1,0,0,1,1,0,1,1,0
23,23,Low,1,1,1,0,1,1,1,0,0,1,0
23,23,Low,1,1,1,0,1,1,0,1,1,1,0
23,23,Low,1,1,1,0,1,1,0,1,0,1,1
23,23,Low,1,0,1,0,0,1,1,1,0,1,0
24,24,Low,1,0,0,0,0,1,0,0,1,0,1
25,24,Low,1,0,1,0,1,1,1,0,0,1,1
25,24,Low,1,1,1,0,1,1,0,0,0,1,1
25,24,Low,1,0,0,0,0,1,0,0,1,1,1
30,24,Low,1,1,1,0,1,1,1,1,1,0,0
25,25,Low,1,1,1,0,1,1,0,0,1,0,1
30,25,Low,0,1,1,0,1,1,0,1,0,1,1
25,25,Low,0,1,1,0,1,1,1,0,0,0,0
26,25,Low,0,0,1,0,1,1,1,1,1,0,0
26,26,Low,1,0,0,0,0,1,1,1,0,1,0
27,26,Low,1,1,1,0,0,1,1,0,1,1,0
26,26,Low,0,0,0,0,0,1,0,0,0,1,1
30,26,Low,0,1,1,0,1,1,0,1,0,0,1
27,26,Low,0,0,1,0,1,1,0,0,1,1,0
27,27,Low,1,1,1,0,1,1,0,1,0,1,0
28,27,Low,1,1,0,0,0,1,0,1,0,0,1
29,27,Low,1,0,1,0,1,1,1,1,1,0,1
27,27,Low,0,0,1,0,0,1,1,0,1,0,0
27,27,Low,1,0,0,0,0,1,1,1,0,0,1
28,27,Low,1,0,1,0,1,1,1,0,1,1,1
29,27,Low,1,1,1,0,1,1,0,0,1,1,0
29,28,Low,1,1,1,0,0,1,1,0,1,0,0
28,28,Low,1,0,1,0,0,1,0,1,1,0,0
30,28,Low,0,1,1,0,0,1,0,0,1,0,0
29,28,Low,0,1,1,0,1,1,1,1,1,1,0
29,28,Low,1,0,1,0,1,1,0,0,1,1,1
29,28,Low,0,1,1,0,1,1,1,0,1,0,1
28,28,Low,1,0,1,0,1,1,1,1,0,1,1
29,29,Low,0,1,1,0,1,1,1,0,0,0,1
30,29,Low,0,1,0,0,0,1,1,0,0,1,1
30,29,Low,0,0,0,0,0,1,1,0,0,1,1
29,29,Low,0,0,0,0,0,1,0,1,0,1,1
31,29,Low,0,0,1,0,1,1,1,1,0,0,0
30,29,Low,0,1,1,0,1,1,0,0,1,0,0
33,29,Low,0,0,1,0,1,1,0,1,0,1,0
303,285,Low,1,0,0,0,0,1,0,1,1,0,0
30,30,Low,0,1,1,0,0,1,1,1,1,1,0
30,30,Low,1,0,1,0,1,1,0,1,1,0,0
30,30,Low,1,0,0,0,0,1,1,1,0,1,1
32,30,Low,0,0,1,0,1,1,0,1,1,1,0
31,30,Low,0,0,1,0,0,1,1,1,1,0,0
33,30,Low,0,1,1,0,0,1,0,0,1,1,0
30,30,Low,1,1,1,0,1,1,0,1,1,0,1
30,30,Low,0,0,1,0,1,1,1,0,0,1,1
31,30,Low,0,1,1,0,1,1,0,1,1,0,1
32,31,Low,0,0,0,0,0,1,0,1,0,0,1
33,31,Low,1,1,0,0,0,1,0,1,0,1,1
31,31,Low,1,1,1,0,1,1,1,1,1,1,0
31,31,Low,1,1,0,0,0,1,0,0,1,1,1
33,31,Low,0,1,1,0,1,1,0,0,0,0,0
31,31,Low,0,1,0,0,0,1,0,0,1,1,1
32,31,Low,0,0,1,0,1,1,1,0,1,0,1
33,31,Low,1,0,1,0,1,1,1,0,0,0,0
33,31,Low,1,0,0,0,0,1,1,0,0,1,1
32,32,Low,0,0,1,0,1,1,0,1,1,1,1
33,32,Low,1,1,1,0,1,1,0,1,1,1,1
32,32,Low,0,1,1,0,1,1,1,0,1,1,1
32,32,Low,1,0,1,0,1,1,1,1,1,1,1
36,33,Low,1,1,1,0,0,1,1,1,1,1,0
35,33,Low,0,0,1,0,1,1,0,0,0,1,0
33,33,Low,1,1,0,0,0,1,0,0,1,0,1
36,33,Low,1,0,1,0,0,1,0,1,1,0,1
43,34,Low,0,1,0,0,0,1,0,1,0,0,1
35,34,Low,0,1,1,0,1,1,0,1,1,1,1
35,34,Low,0,1,1,0,1,1,0,1,1,1,0
35,35,Low,1,0,1,0,1,1,0,0,0,1,0
36,35,Low,1,0,1,0,0,1,0,0,1,0,1
41,35,Low,0,1,1,0,1,1,1,1,1,0,0
35,35,Low,0,0,1,0,0,1,1,0,0,1,0
36,35,Low,0,1,1,0,0,1,0,1,1,1,0
36,35,Low,1,0,1,0,0,1,1,1,0,0,0
36,35,Low,1,1,1,0,1,1,1,0,1,0,0
37,36,Low,1,0,0,0,0,1,0,1,1,0,1
37,36,Low,1,1,1,0,1,1,1,0,0,0,0
38,37,Low,1,0,1,0,0,1,0,1,0,1,0
40,38,Low,1,0,1,0,0,1,1,0,0,1,0
46,38,Low,1,1,0,0,0,1,0,1,1,1,1
40,38,Low,0,0,1,0,1,1,1,1,0,0,1
40,38,Low,0,0,0,0,0,1,1,0,0,0,1
41,38,Low,0,1,0,0,0,1,0,1,0,1,1
39,39,Low,1,0,1,0,0,1,1,0,0,0,0
46,39,Low,0,1,1,0,0,1,1,1,1,0,0
39,39,Low,0,0,0,0,0,1,1,0,1,0,1
41,39,Low,0,1,1,0,1,1,0,1,0,1,0
41,40,Low,0,0,1,0,1,1,1,0,1,1,1
41,40,Low,0,0,0,0,0,1,0,0,1,1,1
44,40,Low,0,1,0,0,0,1,0,0,1,0,1
40,40,Low,1,1,1,0,1,1,0,0,0,1,0
42,40,Low,0,0,1,0,0,1,1,1,0,1,0
40,40,Low,1,0,1,0,0,1,0,0,1,0,0
42,41,Low,1,1,0,0,0,1,1,0,0,0,1
42,41,Low,1,1,1,0,0,1,1,1,0,1,0
44,41,Low,1,1,0,0,0,1,0,1,1,0,1
46,41,Low,1,1,1,0,1,1,1,1,0,0,0
43,42,Low,1,0,1,0,1,1,0,0,1,0,0
42,42,Low,0,0,0,0,0,1,1,1,0,1,0
43,42,Low,1,0,0,0,0,1,1,0,1,0,1
43,42,Low,1,0,1,0,0,1,0,0,1,1,0
44,42,Low,1,0,0,0,0,1,1,1,1,0,1
42,42,Low,0,0,1,0,0,1,0,1,0,1,0
46,42,Low,0,1,1,0,0,1,1,0,0,1,0
48,42,Low,0,1,1,0,1,1,1,1,0,0,0
42,42,Low,0,0,1,0,0,1,1,0,0,0,0
42,42,Low,0,0,1,0,1,1,0,0,1,0,0
45,43,Low,1,1,1,0,1,1,0,1,1,0,0
43,43,Low,0,0,1,0,0,1,1,1,0,0,0
47,44,Low,0,1,0,0,0,1,1,0,0,1,0
53,44,Low,1,1,1,0,0,1,1,1,1,0,0
46,44,Low,1,1,1,0,0,1,0,0,1,1,0
44,44,Low,1,0,0,0,0,1,1,1,1,1,1
45,44,Low,0,0,1,0,0,1,0,1,1,1,0
48,45,Low,1,1,1,0,1,1,1,0,0,0,1
46,45,Low,0,1,1,0,0,1,0,0,0,1,0
325,301,Low,1,1,1,0,0,1,1,0,0,0,1
48,46,Low,0,1,1,0,1,1,1,0,0,1,1
46,46,Low,0,0,0,0,0,1,1,0,0,1,0
47,46,Low,1,1,1,0,0,1,0,0,1,0,0
48,46,Low,0,0,1,0,1,1,1,1,0,1,1
47,46,Low,0,0,1,0,0,1,0,0,1,0,0
48,46,Low,1,1,1,0,1,1,0,0,1,0,0
319,302,Low,0,1,0,0,0,1,0,0,1,0,0
53,47,Low,1,1,1,0,0,1,0,1,1,1,0
54,47,Low,0,1,1,0,0,1,1,1,0,1,0
48,47,Low,1,0,1,0,0,1,0,1,1,1,1
49,47,Low,1,1,1,0,1,1,0,1,0,0,0
53,48,Low,0,0,0,0,0,1,0,0,1,0,1
50,48,Low,1,1,1,0,1,1,0,0,0,0,0
50,48,Low,1,1,1,0,1,1,1,0,1,0,1
49,48,Low,0,1,0,0,0,1,1,0,0,0,1
51,48,Low,0,0,1,0,0,1,0,0,1,1,0
632,560,Low,0,0,0,0,0,1,0,1,1,0,0
50,49,Low,1,1,1,0,1,1,1,1,1,0,1
51,49,Low,0,0,1,0,0,1,0,1,1,0,0
50,49,Low,1,0,0,0,0,1,1,0,1,1,1
51,50,Low,0,0,0,0,0,1,0,1,1,1,1
55,50,Low,1,1,0,0,0,1,1,1,0,0,1
51,50,Low,1,0,0,0,0,1,1,1,1,1,0
53,50,Low,1,0,0,0,0,1,1,0,1,1,0
52,51,Low,1,0,0,0,0,1,1,0,0,1,0
52,51,Low,0,1,1,0,1,1,1,1,0,0,1
52,51,Low,0,1,1,0,0,1,0,1,0,1,0
53,51,Low,0,0,0,0,0,1,1,0,1,1,1
51,51,Low,0,0,1,0,1,1,0,0,0,0,0
53,51,Low,0,0,0,0,0,1,1,1,0,1,1
61,52,Low,0,1,1,0,0,1,0,1,1,0,0
53,52,Low,1,0,1,0,1,1,0,1,0,0,0
54,52,Low,1,1,1,0,1,1,1,0,1,1,1
57,54,Low,1,1,1,0,0,1,0,1,1,0,0
65,54,Low,0,1,1,0,1,1,0,1,1,0,0
59,54,Low,1,0,0,0,0,1,1,1,0,0,0
55,54,Low,1,1,0,0,0,1,1,0,0,1,1
60,54,Low,0,1,0,0,0,1,1,1,0,1,0
60,55,Low,0,1,1,0,1,1,1,1,0,1,1
65,55,Low,0,1,0,0,0,1,1,0,1,1,0
57,55,Low,0,0,0,0,0,1,1,1,0,0,1
56,55,Low,1,0,0,0,0,1,1,0,0,0,0
59,56,Low,0,1,1,0,1,1,0,1,0,0,0
71,56,Low,1,1,1,0,0,1,1,0,0,1,0
59,56,Low,0,1,1,0,0,1,1,0,0,0,0
56,56,Low,1,0,1,0,1,1,0,0,0,0,0
58,56,Low,1,0,1,0,0,1,0,1,0,0,1
58,56,Low,0,1,0,0,0,1,1,0,1,1,1
57,56,Low,0,1,1,0,0,1,0,0,0,0,0
64,57,Low,1,1,1,0,0,1,0,1,0,1,0
62,57,Low,0,0,1,0,1,1,0,1,0,0,0
58,57,Low,1,1,1,0,1,1,1,1,0,0,1
61,57,Low,0,0,1,0,1,1,0,1,1,0,0
58,57,Low,1,0,1,0,0,1,0,1,0,0,0
65,57,Low,1,1,1,0,0,1,1,1,0,0,0
67,58,Low,0,1,1,0,0,1,0,0,1,0,1
60,58,Low,1,0,1,0,0,1,0,0,0,0,0
60,59,Low,0,0,1,0,1,1,1,1,1,0,1
62,61,Low,0,1,1,0,1,1,1,1,1,0,1
64,61,Low,0,0,1,0,0,1,0,0,0,0,0
66,61,Low,1,1,1,0,0,1,1,0,0,0,0
69,61,Low,1,1,0,0,0,1,1,1,0,1,1
359,317,Low,0,0,1,0,0,1,1,0,0,1,1
64,62,Low,0,0,1,0,0,1,0,0,0,0,1
70,62,Low,0,0,0,0,0,1,1,0,1,1,0
66,63,Low,1,1,1,0,0,1,0,1,1,0,1
349,319,Low,1,1,0,0,0,1,0,1,0,0,0
64,64,Low,1,0,0,0,0,1,1,0,1,0,0
67,64,Low,0,1,0,0,0,1,0,1,1,1,1
69,64,Low,1,1,1,0,1,1,1,1,0,1,1
68,65,Low,1,1,0,0,0,1,1,1,0,1,0
70,65,Low,0,0,1,0,0,1,0,0,1,0,1
72,66,Low,1,1,1,0,1,1,1,0,0,1,1
68,66,Low,0,0,1,0,1,1,1,1,1,1,1
67,66,Low,0,1,0,0,0,1,1,0,1,0,1
653,578,Low,1,1,1,0,0,1,1,0,0,1,1
70,67,Low,1,1,1,0,1,1,1,1,1,1,1
71,67,Low,0,0,1,0,0,1,0,0,1,1,1
70,68,Low,1,1,0,0,0,1,1,0,1,0,1
71,69,Low,0,0,1,0,0,1,0,0,0,1,0
76,69,Low,1,1,0,0,0,1,1,0,1,1,1
77,70,Low,1,1,1,0,0,1,0,1,0,0,0
79,70,Low,0,0,0,0,0,1,0,1,1,0,1
73,70,Low,1,0,1,0,0,1,0,0,0,0,1
72,71,Low,0,1,1,0,0,1,0,0,1,1,1
77,72,Low,0,0,0,0,0,1,1,0,0,0,0
74,72,Low,1,1,1,0,0,1,0,0,0,1,0
78,73,Low,1,1,0,0,0,1,1,0,0,1,0
83,74,Low,1,1,0,0,0,1,1,0,1,1,0
348,330,Low,1,1,0,0,0,1,0,0,0,0,0
368,330,Low,1,1,1,0,0,1,1,0,1,1,1
670,586,Low,1,1,1,0,0,1,1,1,0,1,1
75,75,Low,1,0,1,0,0,1,0,0,0,1,0
77,75,Low,0,0,0,0,0,1,1,0,1,0,0
76,75,Low,1,0,0,0,0,1,0,1,0,1,0
75,75,Low,0,1,1,0,0,1,0,0,0,0,1
93,75,Low,1,1,1,0,0,1,0,1,1,1,1
92,75,Low,0,1,1,0,0,1,1,1,0,0,0
78,75,Low,0,0,0,0,0,1,1,1,1,1,0
82,76,Low,0,0,1,0,0,1,0,1,1,0,1
77,76,Low,1,1,1,0,0,1,0,0,1,0,1
80,76,Low,1,0,1,0,0,1,0,1,0,1,1
79,77,Low,0,1,0,0,0,1,0,0,0,1,0
79,78,Low,1,0,1,0,0,1,0,0,1,1,1
357,335,Low,1,0,1,0,0,1,1,0,0,1,1
88,80,Low,0,1,0,0,0,1,1,1,0,1,1
84,81,Low,0,1,0,0,0,1,1,1,0,0,1
365,337,Low,0,1,1,0,0,1,1,1,0,0,1
87,82,Low,0,0,1,0,0,1,1,0,1,0,1
88,84,Low,1,1,1,0,0,1,0,0,1,1,1
85,84,Low,0,1,0,0,0,1,0,1,1,0,1
86,84,Low,0,0,1,0,0,1,0,1,0,0,0
88,85,Low,1,0,1,0,0,1,1,1,1,0,1
93,86,Low,0,1,0,0,0,1,1,0,0,0,0
93,87,Low,0,1,0,0,0,1,1,1,1,1,0
100,88,Low,0,1,1,0,0,1,0,1,1,0,1
92,88,Low,0,0,0,0,0,1,1,1,1,1,1
97,90,Low,1,1,0,0,0,1,1,1,1,1,0
95,92,Low,1,0,1,0,0,1,1,0,1,0,1
99,93,Low,1,1,0,0,0,1,1,1,1,1,1
410,349,Low,0,1,0,0,0,1,0,1,0,0,0
97,94,Low,0,1,1,0,1,1,1,1,1,1,1
98,95,Low,0,1,1,0,0,1,0,0,0,1,1
114,96,Low,0,1,1,0,0,1,0,1,0,0,0
99,96,Low,0,0,1,0,0,1,0,1,0,0,1
101,97,Low,1,0,0,0,0,1,1,1,1,0,0
102,97,Low,1,1,1,0,0,1,0,0,0,0,1
99,97,Low,1,1,1,0,0,1,0,0,0,0,0
102,98,Low,1,1,0,0,0,1,1,1,1,0,1
109,99,Low,0,1,1,0,0,1,0,1,0,0,1
117,100,Low,0,0,1,0,0,1,0,0,0,1,1
111,102,Low,1,1,0,0,0,1,0,1,0,1,0
113,103,Low,1,0,1,0,0,1,0,0,0,1,1
112,104,Low,1,1,1,0,0,1,0,1,0,0,1
112,104,Low,0,0,0,0,0,1,0,0,0,1,0
108,105,Low,0,0,0,0,0,1,1,1,1,0,1
112,106,Low,0,1,0,0,0,1,0,0,1,1,0
119,107,Low,0,1,1,0,0,1,0,1,1,1,1
113,107,Low,0,0,1,0,0,1,0,1,1,1,1
118,108,Low,0,0,0,0,0,1,1,1,0,0,0
121,108,Low,0,1,0,0,0,1,1,0,1,0,0
677,620,Low,0,1,1,0,0,1,1,1,0,1,1
400,365,Low,1,0,0,0,0,1,0,0,1,0,0
118,111,Low,1,1,0,0,0,1,1,0,1,0,0
117,111,Low,0,1,0,0,0,1,1,1,1,1,1
387,367,Low,0,0,0,0,0,1,0,0,1,0,0
121,114,Low,0,1,0,0,0,1,0,1,0,1,0
395,370,Low,0,0,1,0,0,1,1,1,1,1,1
392,370,Low,0,0,0,0,0,1,0,1,0,0,0
123,115,Low,0,1,0,0,0,1,1,1,1,0,1
134,118,Low,0,0,1,0,0,1,0,1,0,1,1
121,118,Low,1,0,0,0,0,1,0,1,1,1,0
434,378,Low,1,1,1,0,0,1,1,1,1,1,1
133,123,Low,1,1,0,0,0,1,0,0,0,1,0
422,379,Low,1,1,0,0,0,1,0,1,1,0,0
148,126,Low,1,1,0,0,0,1,1,1,0,0,0
145,126,Low,1,1,1,0,0,1,0,1,0,1,1
406,382,Low,0,1,1,0,0,1,1,0,0,1,1
135,127,Low,1,0,1,0,0,1,1,1,0,0,1
132,128,Low,1,0,0,0,0,1,0,0,0,1,0
144,131,Low,1,1,0,0,0,1,1,0,0,0,0
139,131,Low,0,0,0,0,0,1,0,1,0,1,0
144,134,Low,0,1,1,0,0,1,1,0,1,0,1
422,394,Low,1,1,0,0,0,1,0,0,1,0,0
152,146,Low,1,1,0,0,0,1,0,0,1,1,0
158,150,Low,0,0,0,0,0,1,1,1,1,0,0
178,152,Low,0,1,1,0,0,1,0,1,0,1,1
197,153,Low,0,1,0,0,0,1,1,1,0,0,0
168,155,Low,1,1,0,0,0,1,0,1,1,1,0
161,156,Low,0,0,1,0,0,1,1,1,1,0,1
164,158,Low,1,1,1,0,0,1,0,0,0,1,1
164,158,Low,0,0,0,0,0,1,0,0,1,1,0
166,159,Low,1,0,0,0,0,1,0,0,1,1,0
189,160,Low,1,1,0,0,0,1,1,1,1,0,0
170,162,Low,1,0,1,0,0,1,1,1,1,1,1
447,418,Low,0,0,1,0,0,1,1,1,0,1,1
182,170,Low,1,1,1,0,0,1,1,0,1,0,1
178,174,Low,0,0,1,0,0,1,1,0,0,0,1
185,177,Low,1,0,1,0,0,1,1,0,0,0,1
182,178,Low,1,0,1,0,0,1,1,0,1,1,1
193,179,Low,0,1,0,0,0,1,0,1,1,1,0
202,185,Low,1,1,1,0,0,1,1,1,1,0,1
189,186,Low,0,0,0,0,0,1,0,1,1,1,0
251,186,Low,0,1,0,0,0,1,1,1,1,0,0
229,210,Low,0,0,1,0,0,1,1,0,1,1,1
243,227,Low,0,1,0,0,0,1,0,0,0,0,0
238,227,Low,0,0,1,0,0,1,1,1,0,0,1
536,488,Low,0,1,1,0,0,1,1,1,1,1,1
251,239,Low,1,0,0,0,0,1,0,1,0,0,0
257,240,Low,0,1,1,0,0,1,1,0,0,0,1
256,247,Low,1,0,1,0,0,1,1,1,0,1,1
592,508,Low,0,1,0,0,0,1,0,1,1,0,0
1,1,High,0,0,1,0,0,0,1,0,0,0,1
1,1,High,0,0,0,0,0,0,0,1,0,1,0
1,1,High,1,0,0,0,0,0,1,0,0,0,0
1,1,High,0,0,1,0,0,0,0,0,0,1,0
1,1,High,1,0,0,0,0,0,0,1,1,0,1
1,1,High,1,1,1,1,0,1,1,1,1,1,0
1,1,High,0,0,0,0,0,0,1,1,1,1,1
1,1,High,1,1,1,0,1,0,0,1,1,1,1
1,1,High,1,1,0,0,0,0,1,0,0,0,0
1,1,High,1,1,0,0,0,0,1,0,1,0,1
1,1,High,1,0,1,0,0,0,0,1,1,0,1
1,1,High,1,1,0,0,0,0,1,1,0,1,1
1,1,High,1,0,1,0,0,0,0,1,0,1,1
1,1,High,1,1,1,1,1,1,0,1,1,0,0
1,1,High,0,0,0,0,0,0,1,0,1,1,0
1,1,High,0,0,1,0,1,0,0,1,1,1,1
1,1,High,0,1,0,0,0,0,0,0,0,1,1
1,1,High,0,0,1,0,1,0,0,0,0,0,0
1,1,High,0,1,0,0,0,0,1,1,1,0,0
1,1,High,0,0,1,0,1,0,1,1,0,1,0
1,1,High,1,0,1,0,0,0,0,0,1,1,0
1,1,High,0,0,1,0,1,0,0,1,1,0,0
1,1,High,1,1,0,0,0,0,0,1,1,1,1
1,1,High,1,0,1,0,1,0,1,1,0,0,0
1,1,High,1,1,1,0,1,0,0,1,0,0,0
1,1,High,0,0,1,0,0,0,0,1,0,0,0
1,1,High,1,1,1,1,1,1,0,1,1,0,1
1,1,High,1,0,0,0,0,0,0,1,1,1,0
1,1,High,1,1,1,0,1,0,0,0,0,0,0
1,1,High,1,0,0,0,0,0,1,1,1,0,0
1,1,High,0,0,1,0,0,0,0,1,0,0,1
1,1,High,1,0,0,0,0,0,1,1,1,0,1
1,1,High,0,0,0,0,0,0,1,1,0,1,1
1,1,High,0,0,1,0,1,0,0,0,1,0,0
1,1,High,1,0,0,0,0,0,0,1,0,0,0
1,1,High,1,0,1,0,1,0,0,0,0,0,1
1,1,High,1,1,1,0,0,0,0,0,0,0,0
1,1,High,0,0,1,0,1,0,1,0,0,1,1
1,1,High,1,1,1,0,0,0,1,0,0,1,0
1,1,High,0,1,1,0,1,0,1,1,0,0,0
1,1,High,0,1,1,0,1,0,1,1,1,1,0
1,1,High,0,0,0,0,0,0,0,0,0,1,0
1,1,High,1,1,0,0,0,0,1,1,0,0,1
1,1,High,1,0,1,0,0,0,0,0,0,1,0
1,1,High,0,0,0,0,0,0,0,0,1,0,0
1,1,High,0,1,1,0,1,0,0,0,0,0,0
1,1,High,0,0,0,0,0,0,0,0,0,0,1
1,1,High,1,1,0,0,0,0,0,0,1,1,0
1,1,High,1,0,1,0,0,0,0,1,0,0,1
1,1,High,0,0,0,0,0,0,0,1,1,1,1
1,1,High,0,1,0,0,0,0,1,1,0,1,1
1,1,High,1,1,0,0,0,0,1,1,1,0,0
1,1,High,0,1,1,0,1,0,0,1,1,1,1
1,1,High,1,1,1,0,0,0,0,0,0,1,1
1,1,High,1,0,1,0,1,0,0,0,1,1,0
1,1,High,0,0,0,0,0,0,1,1,1,0,1
1,1,High,1,1,0,0,0,0,0,1,0,1,0
1,1,High,0,0,1,0,0,0,1,1,1,1,1
1,1,High,1,1,0,0,0,0,1,1,1,1,0
1,1,High,1,0,1,0,1,0,0,0,0,0,0
1,1,High,0,1,0,0,0,0,1,0,1,0,1
1,1,High,0,1,1,0,0,0,0,1,0,0,1
1,1,High,1,0,1,0,0,0,1,0,0,1,1
1,1,High,0,0,0,0,0,0,0,0,1,1,0
1,1,High,0,0,1,0,1,0,0,1,0,1,0
1,1,High,1,1,0,1,0,1,0,1,1,0,1
1,1,High,1,1,1,0,0,0,1,1,1,1,1
1,1,High,1,1,1,1,1,1,1,1,0,1,0
1,1,High,0,1,1,0,1,0,1,1,1,1,1
1,1,High,1,1,1,1,1,1,0,1,0,1,1
1,1,High,1,1,1,1,1,1,1,1,1,0,0
1,1,High,0,1,1,0,1,0,0,1,0,0,1
1,1,High,0,0,1,0,0,0,1,0,0,1,1
1,1,High,1,0,0,0,0,0,0,1,0,1,0
1,1,High,1,1,1,1,0,1,0,1,1,1,0
1,1,High,0,0,0,0,0,0,1,1,1,0,0
1,1,High,1,1,1,0,0,0,0,1,0,1,0
1,1,High,1,0,1,0,0,0,0,0,0,1,1
1,1,High,1,0,0,0,0,0,0,0,0,0,0
1,1,High,0,0,1,0,1,0,1,1,1,0,0
1,1,High,0,1,0,0,0,0,0,0,0,0,0
2,2,High,1,0,0,0,0,0,0,0,1,0,0
2,2,High,0,0,0,0,0,0,1,0,1,0,0
2,2,High,1,1,0,1,0,1,0,1,1,1,0
2,2,High,1,1,0,0,0,0,0,1,1,0,0
2,2,High,0,0,0,0,0,0,1,1,0,0,0
2,2,High,0,1,1,0,0,0,1,1,0,1,1
2,2,High,1,1,1,1,1,1,1,1,1,1,1
2,2,High,1,1,1,0,0,0,1,1,0,1,1
2,2,High,1,1,0,0,0,0,0,1,0,0,0
2,2,High,1,1,1,0,0,0,1,0,0,0,1
3,2,High,1,1,1,1,0,1,0,1,0,1,0
2,2,High,1,1,1,1,0,1,0,1,1,0,1
3,2,High,1,1,0,1,0,1,0,1,0,1,1
2,2,High,1,0,1,0,1,0,0,1,0,1,0
2,2,High,1,0,1,0,1,0,1,0,0,0,0
2,2,High,0,0,0,0,0,0,1,1,1,1,0
2,2,High,1,1,1,1,1,1,1,1,1,1,0
2,2,High,1,0,0,0,0,0,0,0,0,1,0
2,2,High,0,0,1,0,1,0,1,1,0,0,1
2,2,High,0,1,1,0,1,0,0,1,1,0,1
2,2,High,0,0,1,0,0,0,1,1,1,0,1
2,2,High,1,1,0,0,0,0,0,0,0,1,0
2,2,High,0,1,1,0,0,0,0,0,1,1,1
2,2,High,1,1,1,0,0,0,1,0,0,1,1
2,2,High,0,1,0,0,0,0,0,0,1,1,0
2,2,High,1,1,0,0,0,0,1,1,0,0,0
2,2,High,1,1,0,1,0,1,1,1,1,0,1
2,2,High,0,1,1,0,0,0,1,1,1,0,1
2,2,High,0,1,0,0,0,0,0,0,0,1,0
2,2,High,0,1,0,0,0,0,1,1,0,0,0
2,2,High,1,1,1,1,1,1,0,1,0,1,0
2,2,High,1,1,1,1,0,1,1,1,0,1,0
2,2,High,0,1,1,0,0,0,1,0,0,0,1
2,2,High,1,1,0,0,0,0,1,0,1,0,0
2,2,High,1,1,0,1,0,1,0,1,1,1,1
2,2,High,1,0,1,0,0,0,0,0,0,0,1
3,3,High,0,1,0,0,0,0,0,0,1,0,0
3,3,High,1,1,0,1,0,1,1,1,1,1,1
3,3,High,1,0,1,0,0,0,0,0,0,0,0
3,3,High,1,1,1,1,1,1,1,1,0,0,0
3,3,High,0,1,0,0,0,0,0,1,1,1,0
3,3,High,0,1,1,0,0,0,1,1,1,1,1
3,3,High,1,1,1,1,1,1,0,1,0,0,1
3,3,High,0,0,1,0,0,0,1,1,0,0,1
3,3,High,1,1,0,1,0,1,1,1,1,1,0
3,3,High,1,1,1,1,1,1,1,1,0,0,1
4,3,High,1,1,0,1,0,1,0,1,0,0,1
3,3,High,1,1,1,1,1,1,1,1,1,0,1
4,4,High,1,1,1,1,0,1,1,1,1,0,1
4,4,High,1,1,0,1,0,1,1,1,0,0,1
4,4,High,1,1,1,1,0,1,0,1,1,1,1
5,4,High,1,1,1,1,0,1,0,1,0,0,0
4,4,High,0,1,0,0,0,0,0,1,0,0,0
4,4,High,1,1,1,1,1,1,1,1,0,1,1
4,4,High,1,0,0,0,0,0,0,1,1,0,0
5,4,High,1,1,1,1,0,1,0,1,0,0,1
4,4,High,1,1,0,0,0,0,0,0,0,0,0
273,260,High,1,1,0,0,0,1,0,0,1,1,0
269,260,High,0,1,1,0,0,1,0,1,0,1,1
7,5,High,1,1,0,1,0,1,1,1,0,1,0
5,5,High,1,1,1,1,1,1,0,1,0,0,0
5,5,High,1,1,0,1,0,1,1,1,0,1,1
5,5,High,0,1,0,0,0,0,0,1,1,0,0
6,5,High,1,1,0,1,0,1,0,1,0,1,0
7,7,High,1,1,0,1,0,1,1,1,1,0,0
7,7,High,0,0,0,0,0,0,0,0,0,0,0
10,7,High,1,1,1,1,0,1,0,1,0,1,1
8,7,High,1,1,1,1,0,1,1,1,0,0,0
528,519,High,1,0,0,0,0,1,0,1,1,0,0
269,265,High,1,1,1,0,0,1,1,1,1,0,1
10,10,High,1,1,0,1,0,1,0,1,1,0,0
11,11,High,0,1,1,0,1,1,1,0,1,1,0
311,267,High,0,1,0,0,0,1,1,1,1,0,0
274,268,High,0,0,1,0,0,1,0,1,0,1,1
14,13,High,1,1,1,1,0,1,1,1,0,0,1
14,14,High,0,0,0,0,0,0,0,1,1,0,0
16,15,High,0,0,1,0,0,1,1,0,1,1,0
15,15,High,1,0,1,0,1,1,1,1,1,1,0
15,15,High,0,0,1,0,1,1,1,0,1,1,0
17,16,High,1,1,0,1,0,1,1,1,0,0,0
17,16,High,1,1,1,1,0,1,1,1,1,1,1
20,16,High,1,1,0,1,0,1,0,1,0,0,0
285,273,High,1,0,0,0,0,1,0,0,1,1,0
18,18,High,1,0,1,0,0,1,1,0,1,1,0
18,18,High,0,1,1,0,0,1,1,0,1,0,0
19,19,High,1,0,1,0,1,1,1,0,1,1,0
19,19,High,1,0,1,0,1,1,1,1,0,0,0
19,19,High,0,0,1,0,1,1,1,0,1,0,0
20,20,High,0,1,1,0,1,1,1,0,1,0,0
20,20,High,1,0,1,0,1,1,1,1,1,0,0
20,20,High,1,0,0,0,0,1,0,1,0,0,1
20,20,High,1,0,1,0,0,1,1,1,1,1,0
21,21,High,1,0,1,0,1,1,0,1,0,1,1
22,22,High,0,1,1,0,0,1,1,0,1,1,0
22,22,High,1,1,1,0,1,1,1,1,1,1,0
22,22,High,1,0,1,0,1,1,1,1,0,1,0
22,22,High,1,0,1,0,0,1,1,1,1,0,0
22,22,High,0,0,1,0,1,1,1,0,0,1,0
23,23,High,1,0,1,0,1,1,1,0,1,0,0
23,23,High,1,0,1,0,1,1,0,1,0,0,1
23,23,High,1,0,1,0,1,1,0,1,1,0,1
286,279,High,0,0,1,0,0,1,1,0,0,0,1
285,279,High,1,1,0,0,0,1,0,0,0,1,0
24,24,High,1,1,1,0,1,1,0,1,1,0,1
29,25,High,1,0,1,0,1,1,0,1,1,1,1
26,26,High,0,1,1,0,1,1,1,0,0,1,0
30,27,High,1,1,1,1,0,1,1,1,0,1,1
28,28,High,0,0,1,0,1,1,1,1,1,1,0
29,28,High,1,0,0,0,0,1,0,1,0,1,1
28,28,High,1,0,1,0,1,1,0,0,0,1,1
30,29,High,0,0,1,0,1,1,0,0,0,0,1
29,29,High,1,0,1,0,1,1,0,1,1,1,0
29,29,High,1,0,1,0,1,1,0,0,0,0,1
29,29,High,0,0,1,0,1,1,0,0,1,1,1
844,797,High,0,0,1,0,0,1,1,1,0,1,1
32,30,High,0,0,1,0,0,1,1,1,1,1,0
36,30,High,0,0,1,0,0,1,1,0,1,0,0
30,30,High,1,0,1,0,1,1,0,0,1,0,1
33,31,High,1,0,1,0,1,1,0,0,1,1,1
31,31,High,0,1,1,0,1,1,0,0,0,0,1
31,31,High,0,0,1,0,1,1,0,0,0,1,1
32,32,High,1,0,1,0,0,1,0,1,1,1,0
32,32,High,1,0,1,0,1,1,1,0,0,0,0
32,32,High,0,0,0,0,0,1,0,0,0,0,1
840,800,High,0,0,0,0,0,1,0,1,0,0,0
33,33,High,0,1,1,0,1,1,1,1,1,1,0
34,33,High,1,1,1,0,1,1,0,1,0,1,1
34,34,High,1,1,1,0,1,1,1,0,1,0,0
35,35,High,0,0,1,0,1,1,1,1,0,1,0
35,35,High,0,1,1,0,1,1,1,1,0,1,0
35,35,High,1,1,1,0,1,1,0,1,1,1,1
35,35,High,0,1,1,0,1,1,0,0,1,0,1
38,36,High,0,1,1,0,1,1,0,0,1,1,1
36,36,High,0,0,1,0,1,1,1,0,0,0,0
36,36,High,1,1,1,0,1,1,1,1,1,0,0
36,36,High,0,1,1,0,1,1,0,0,0,1,1
36,36,High,1,0,1,0,1,1,0,1,0,1,0
37,36,High,0,1,1,0,1,1,1,0,0,0,0
36,36,High,0,1,1,0,1,1,0,0,1,1,0
36,36,High,1,1,1,0,1,1,0,0,1,0,1
36,36,High,1,1,1,0,1,1,1,0,1,1,0
37,37,High,1,0,1,0,0,1,1,0,1,0,0
37,37,High,0,1,1,0,0,1,0,0,1,1,0
37,37,High,1,0,1,0,1,1,1,1,1,1,1
37,37,High,0,0,1,0,0,1,1,0,0,1,0
38,38,High,1,0,1,0,1,1,1,0,0,1,0
38,38,High,1,0,1,0,1,1,1,1,0,0,1
38,38,High,1,0,0,0,0,1,0,0,0,1,1
38,38,High,1,1,1,0,0,1,1,1,1,1,0
38,38,High,1,0,1,0,1,1,1,1,1,0,1
298,294,High,1,1,1,0,0,1,0,0,0,1,1
44,39,High,0,0,1,0,1,1,1,1,1,0,0
41,39,High,1,1,1,0,1,1,0,1,0,0,1
42,39,High,1,1,1,0,1,1,0,0,1,1,1
39,39,High,0,1,1,0,1,1,0,0,0,1,0
46,40,High,0,0,1,0,1,1,0,0,1,0,1
41,40,High,1,1,1,0,0,1,1,0,1,1,0
40,40,High,1,1,1,0,1,1,1,1,0,1,0
41,41,High,1,0,1,0,0,1,1,1,0,1,0
41,41,High,1,0,0,0,0,1,1,1,0,1,1
43,42,High,0,0,0,0,0,1,0,0,0,1,1
43,42,High,0,1,1,0,1,1,0,1,0,1,1
42,42,High,1,0,0,0,0,1,0,0,0,0,1
43,42,High,0,1,1,0,1,1,1,0,0,0,1
42,42,High,1,1,1,0,1,1,0,1,1,1,0
43,42,High,1,0,0,0,0,1,1,1,0,0,1
44,43,High,1,1,1,0,1,1,0,1,0,1,0
43,43,High,1,1,1,0,0,1,1,0,1,0,0
44,44,High,0,0,1,0,1,1,1,0,0,0,1
45,45,High,0,0,1,0,1,1,0,1,0,1,1
48,45,High,0,1,1,0,0,1,1,1,1,1,0
47,46,High,0,0,0,0,0,1,0,1,0,1,1
46,46,High,0,0,1,0,1,1,0,1,0,0,1
46,46,High,0,1,0,0,0,1,0,1,0,1,1
47,46,High,0,0,1,0,0,1,1,1,0,1,0
51,46,High,1,0,0,0,0,1,0,0,1,0,1
48,47,High,1,0,0,0,0,1,0,1,1,0,1
47,47,High,0,1,1,0,1,1,1,0,1,0,1
49,47,High,0,0,1,0,1,1,0,1,1,1,0
47,47,High,1,0,1,0,0,1,0,1,1,0,0
47,47,High,0,1,0,0,0,1,0,0,0,1,1
47,47,High,0,1,1,0,1,1,0,1,0,1,0
49,47,High,0,1,0,0,0,1,0,0,0,0,1
307,303,High,1,0,1,0,0,1,1,0,0,0,1
49,49,High,1,1,1,0,1,1,0,0,0,0,1
51,49,High,1,1,1,0,0,1,0,1,1,1,0
49,49,High,1,1,0,0,0,1,0,0,0,1,1
49,49,High,0,1,1,0,1,1,0,0,1,0,0
50,49,High,1,0,1,0,0,1,0,1,0,1,0
50,49,High,0,1,1,0,0,1,0,0,0,1,0
50,50,High,1,1,1,0,1,1,1,0,0,1,0
50,50,High,0,0,1,0,1,1,0,0,1,1,0
50,50,High,0,1,1,0,1,1,0,1,0,0,1
50,50,High,1,1,0,0,0,1,0,1,0,0,1
51,50,High,0,1,1,0,0,1,1,0,0,1,0
50,50,High,0,1,0,0,0,1,1,0,0,1,0
50,50,High,1,0,1,0,1,1,0,1,1,0,0
50,50,High,0,0,0,0,0,1,1,0,0,1,1
50,50,High,0,0,1,0,0,1,0,0,1,1,0
51,51,High,1,0,1,0,0,1,1,1,0,0,0
51,51,High,1,0,1,0,0,1,0,0,1,1,0
51,51,High,1,1,0,0,0,1,0,0,0,0,1
52,51,High,0,1,1,0,1,1,0,1,1,1,0
55,51,High,1,1,1,0,0,1,1,1,1,0,0
51,51,High,1,0,1,0,1,1,1,1,0,1,1
56,52,High,1,0,1,0,1,1,1,0,0,0,1
52,52,High,0,0,0,0,0,1,1,0,0,0,1
53,53,High,1,0,1,0,1,1,0,1,0,0,0
60,53,High,0,1,1,0,1,1,1,1,1,0,0
54,54,High,1,0,0,0,0,1,0,1,1,1,1
54,54,High,0,1,0,0,0,1,0,0,1,0,1
56,54,High,0,0,1,0,0,1,1,1,1,0,0
54,54,High,1,0,1,0,0,1,1,0,0,1,0
55,54,High,1,0,1,0,1,1,0,0,1,1,0
328,310,High,0,0,0,0,0,1,0,1,1,1,0
61,55,High,1,1,0,0,0,1,0,1,1,1,1
56,55,High,0,1,1,0,0,1,0,1,1,1,0
55,55,High,1,0,0,0,0,1,1,0,0,1,1
864,823,High,0,1,1,0,0,1,1,1,1,1,1
57,56,High,1,1,1,0,1,1,0,0,0,1,1
57,56,High,1,1,1,0,1,1,0,1,1,0,0
59,56,High,1,0,0,0,0,1,1,1,0,1,0
56,56,High,1,0,1,0,0,1,0,1,1,0,1
56,56,High,0,1,0,0,0,1,0,0,1,1,1
56,56,High,1,0,0,0,0,1,1,1,1,1,0
57,57,High,1,1,1,0,1,1,0,0,1,1,0
57,57,High,1,0,1,0,1,1,1,0,0,1,1
596,569,High,1,1,1,0,0,1,1,0,0,0,1
58,58,High,1,0,0,0,0,1,1,0,0,0,1
60,58,High,0,1,1,0,1,1,1,1,0,0,0
59,58,High,0,1,1,0,0,1,1,0,0,0,0
58,58,High,0,1,0,0,0,1,0,1,0,0,1
58,58,High,0,0,1,0,1,1,1,0,1,0,1
321,314,High,1,1,1,0,0,1,1,0,1,0,1
59,59,High,1,0,1,0,1,1,1,0,1,0,1
59,59,High,0,1,1,0,1,1,0,1,1,0,1
65,59,High,0,0,1,0,0,1,1,0,0,0,0
62,59,High,1,1,0,0,0,1,0,1,0,1,1
61,60,High,1,1,1,0,0,1,0,1,1,0,0
63,60,High,1,1,1,0,0,1,1,1,0,1,0
60,60,High,1,0,1,0,0,1,1,0,0,0,0
60,60,High,0,1,1,0,1,1,1,0,0,1,1
60,60,High,0,1,1,0,0,1,0,0,1,0,0
60,60,High,0,0,1,0,1,1,1,0,0,1,1
61,61,High,1,0,0,0,0,1,1,1,1,0,1
61,61,High,1,1,0,0,0,1,0,1,1,0,1
64,62,High,0,0,1,0,1,1,0,0,1,0,0
65,62,High,0,0,1,0,1,1,0,1,0,1,0
63,62,High,1,0,0,0,0,1,0,0,1,1,1
62,62,High,1,1,1,0,0,1,0,0,1,0,0
68,62,High,0,0,1,0,1,1,1,1,0,0,0
66,63,High,1,1,1,0,1,1,1,1,0,0,0
67,64,High,1,1,1,0,1,1,0,0,0,1,0
65,64,High,1,0,0,0,0,1,1,1,1,1,1
65,64,High,1,1,0,0,0,1,0,0,1,0,1
70,64,High,0,0,0,0,0,1,0,1,0,0,1
64,64,High,1,0,0,0,0,1,1,0,1,0,1
65,64,High,0,1,1,0,0,1,1,1,0,1,0
595,576,High,0,0,1,0,0,1,1,0,0,1,1
66,65,High,1,1,1,0,1,1,0,0,1,0,0
68,65,High,0,0,0,0,0,1,1,0,0,1,0
66,65,High,1,1,1,0,1,1,1,0,1,0,1
67,65,High,1,0,1,0,0,1,0,0,1,0,1
67,66,High,1,1,1,0,1,1,1,0,0,0,0
66,66,High,1,1,0,0,0,1,0,0,1,1,1
68,67,High,0,1,1,0,1,1,0,1,1,1,1
67,67,High,1,0,1,0,1,1,1,0,1,1,1
72,68,High,1,0,0,0,0,1,1,0,1,1,0
69,68,High,0,0,1,0,1,1,0,1,1,0,1
68,68,High,0,0,0,0,0,1,1,0,1,1,0
68,68,High,1,1,1,0,0,1,0,0,1,1,0
69,69,High,0,1,1,0,0,1,1,1,1,0,0
71,69,High,0,0,1,0,0,1,0,1,1,1,0
70,69,High,0,0,1,0,1,1,0,1,1,1,1
69,69,High,0,0,1,0,1,1,1,0,1,1,1
74,70,High,0,0,1,0,0,1,0,0,1,0,0
72,70,High,0,0,0,0,0,1,0,0,1,0,1
72,70,High,0,0,0,0,0,1,0,0,1,1,1
72,71,High,0,1,0,0,0,1,1,0,0,0,1
71,71,High,0,0,1,0,1,1,0,0,0,1,0
604,583,High,0,0,0,0,0,1,0,0,0,0,0
73,72,High,0,0,0,0,0,1,1,1,0,1,1
73,72,High,1,0,1,0,1,1,0,0,1,0,0
72,72,High,0,1,0,0,0,1,1,0,1,1,0
73,73,High,0,1,1,0,1,1,0,0,0,0,0
76,73,High,0,1,1,0,0,1,0,1,0,1,0
74,74,High,0,1,0,0,0,1,1,0,1,0,1
1200,1098,High,0,1,1,0,0,1,1,1,0,1,1
76,75,High,0,0,1,0,0,1,0,0,0,1,0
77,76,High,1,0,1,0,0,1,0,1,0,0,1
76,76,High,0,0,1,0,1,1,1,1,0,0,1
82,76,High,0,1,0,0,0,1,0,1,1,1,1
80,77,High,0,1,0,0,0,1,1,0,0,1,1
77,77,High,0,1,0,0,0,1,1,0,1,1,1
77,77,High,1,0,0,0,0,1,1,0,1,1,1
78,78,High,1,1,0,0,0,1,1,1,0,1,1
78,78,High,1,1,1,0,1,1,1,0,1,1,1
340,334,High,1,0,1,0,0,1,1,1,1,1,1
79,79,High,0,1,1,0,1,1,1,0,1,1,1
81,79,High,1,1,1,0,1,1,1,1,0,0,1
80,79,High,1,0,1,0,1,1,0,0,0,1,0
82,80,High,0,0,1,0,0,1,1,1,0,0,0
80,80,High,1,1,0,0,0,1,1,0,0,0,1
82,81,High,0,1,1,0,0,1,0,0,1,0,1
84,82,High,0,0,0,0,0,1,1,1,0,1,0
82,82,High,1,1,1,0,1,1,1,1,1,0,1
83,83,High,0,0,0,0,0,1,1,0,1,0,1
85,83,High,1,1,0,0,0,1,1,1,0,0,1
84,83,High,1,0,1,0,0,1,0,1,0,0,0
89,84,High,0,1,1,0,1,1,0,1,1,0,0
86,84,High,1,1,1,0,1,1,1,0,0,0,1
86,86,High,0,0,0,0,0,1,1,1,0,0,1
89,87,High,0,0,1,0,0,1,0,1,0,1,0
89,87,High,1,0,1,0,0,1,0,0,1,0,0
89,88,High,1,0,0,0,0,1,1,0,0,1,0
94,88,High,1,1,1,0,0,1,1,1,0,0,0
89,89,High,1,1,0,0,0,1,1,0,1,1,0
630,601,High,1,1,1,0,0,1,1,1,1,1,1
91,90,High,0,1,1,0,0,1,0,0,0,0,0
90,90,High,1,0,1,0,0,1,0,1,1,1,1
98,90,High,0,1,0,0,0,1,1,1,0,1,0
91,90,High,1,1,1,0,1,1,1,1,0,1,1
93,91,High,1,1,0,0,0,1,1,1,0,1,0
92,91,High,1,1,1,0,0,1,0,1,0,1,0
93,91,High,1,1,1,0,0,1,1,0,0,1,0
93,93,High,1,1,0,0,0,1,1,0,1,0,1
96,93,High,1,0,0,0,0,1,1,1,0,0,0
96,95,High,1,1,0,0,0,1,1,1,1,1,0
96,95,High,1,1,1,0,1,1,1,0,0,1,1
109,96,High,0,1,1,0,0,1,1,1,0,0,0
96,96,High,0,0,0,0,0,1,0,1,1,1,1
99,99,High,0,0,1,0,1,1,0,0,0,0,0
640,611,High,1,1,0,0,0,1,0,1,0,0,0
101,100,High,1,1,1,0,0,1,1,0,0,0,0
100,100,High,0,0,1,0,1,1,1,1,1,1,1
941,868,High,0,1,0,0,0,1,0,1,1,0,0
104,101,High,0,0,1,0,0,1,0,1,1,0,0
104,102,High,0,0,0,0,0,1,1,1,1,1,0
106,102,High,0,0,1,0,1,1,1,1,0,1,1
103,102,High,0,1,1,0,0,1,0,1,1,0,0
637,614,High,1,1,0,0,0,1,0,1,1,0,0
103,103,High,0,0,1,0,1,1,1,1,1,0,1
108,103,High,1,1,0,0,0,1,1,0,0,1,1
112,103,High,0,1,0,0,0,1,1,1,0,1,1
108,104,High,0,1,0,0,0,1,1,1,0,0,1
107,104,High,1,1,1,0,1,1,0,1,0,0,0
107,105,High,1,0,1,0,1,1,0,0,0,0,0
105,105,High,0,1,1,0,1,1,1,1,0,0,1
107,106,High,0,0,0,0,0,1,1,0,1,1,1
108,106,High,0,0,1,0,0,1,0,0,1,0,1
110,107,High,1,1,1,0,0,1,0,1,1,0,1
109,108,High,1,1,1,0,1,1,1,1,1,1,1
376,365,High,0,1,1,0,0,1,1,0,0,0,1
114,113,High,1,0,1,0,0,1,0,0,0,0,1
116,113,High,1,0,1,0,0,1,0,0,0,1,0
115,114,High,0,0,1,0,1,1,0,1,1,0,0
118,114,High,0,1,1,0,1,1,0,1,0,0,0
118,115,High,0,1,1,0,1,1,1,1,0,1,1
117,115,High,0,1,0,0,0,1,1,0,0,0,0
117,116,High,1,0,0,0,0,1,1,0,0,0,0
121,117,High,0,1,1,0,0,1,0,0,0,0,1
119,118,High,1,0,1,0,0,1,0,1,0,1,1
123,119,High,1,1,1,0,0,1,0,1,0,0,0
125,119,High,1,1,1,0,0,1,0,0,1,0,1
120,119,High,1,0,0,0,0,1,1,1,1,0,0
126,120,High,0,0,1,0,1,1,0,1,0,0,0
125,120,High,0,1,0,0,0,1,1,1,1,1,0
121,121,High,0,1,0,0,0,1,1,0,1,0,0
123,122,High,1,1,1,0,1,1,0,0,0,0,0
126,122,High,0,0,0,0,0,1,1,0,0,0,0
124,123,High,0,1,0,0,0,1,0,1,1,0,1
664,635,High,1,0,0,0,0,1,0,0,1,0,0
127,125,High,1,0,1,0,0,1,0,0,1,1,1
126,125,High,1,0,0,0,0,1,0,1,0,1,0
127,126,High,1,1,0,0,0,1,1,1,1,1,1
127,127,High,1,1,0,0,0,1,1,1,1,0,1
129,129,High,0,0,0,0,0,1,0,1,1,0,1
132,129,High,0,1,1,0,0,1,0,0,1,1,1
670,642,High,1,0,1,0,0,1,1,0,0,1,1
135,131,High,0,1,1,0,1,1,1,1,1,0,1
134,132,High,1,0,0,0,0,1,1,0,1,0,0
134,132,High,1,1,0,0,0,1,1,0,1,1,1
135,133,High,1,0,1,0,0,1,0,0,0,0,0
139,134,High,1,1,1,0,0,1,0,0,1,1,1
138,135,High,0,1,1,0,1,1,1,1,1,1,1
141,135,High,0,1,0,0,0,1,0,0,0,1,0
136,136,High,0,0,1,0,0,1,0,0,0,0,1
402,392,High,1,0,1,0,0,1,1,0,1,1,1
686,648,High,0,1,1,0,0,1,1,1,0,0,1
142,138,High,0,0,0,0,0,1,1,0,1,0,0
140,139,High,1,1,0,0,0,1,1,0,0,1,0
142,140,High,1,1,1,0,0,1,0,0,0,1,0
1238,1169,High,1,1,1,0,0,1,1,0,0,1,1
146,146,High,0,0,1,0,0,1,0,0,0,0,0
411,405,High,0,1,0,0,0,1,0,0,0,0,0
153,150,High,0,1,1,0,0,1,0,1,0,0,0
163,151,High,1,1,1,0,0,1,0,1,1,1,1
156,152,High,1,1,1,0,0,1,0,0,0,0,0
696,664,High,0,1,1,0,0,1,1,0,0,1,1
154,153,High,1,0,1,0,0,1,1,1,1,0,1
161,160,High,0,1,0,0,0,1,1,1,1,0,1
161,160,High,1,1,1,0,0,1,0,1,0,0,1
163,161,High,1,1,0,0,0,1,0,1,0,1,0
167,162,High,0,0,1,0,0,1,0,0,1,1,1
696,675,High,1,1,1,0,0,1,1,0,1,1,1
168,164,High,0,1,0,0,0,1,1,1,1,1,1
171,165,High,1,0,0,0,0,1,0,1,1,1,0
172,166,High,0,0,1,0,0,1,0,1,0,0,0
168,167,High,0,1,0,0,0,1,0,0,1,1,0
169,167,High,0,1,0,0,0,1,0,1,0,1,0
169,167,High,1,1,0,0,0,1,1,0,1,0,0
428,423,High,0,0,1,0,0,1,1,1,1,0,1
172,169,High,0,0,0,0,0,1,1,1,0,0,0
174,170,High,0,0,0,0,0,1,1,1,1,1,1
173,170,High,0,1,1,0,0,1,0,0,0,1,1
1269,1195,High,0,0,0,0,0,1,0,1,1,0,0
180,176,High,0,0,1,0,0,1,0,1,1,0,1
446,436,High,0,1,1,0,0,1,1,1,1,0,1
451,437,High,1,0,0,0,0,1,0,1,0,0,0
184,183,High,1,0,1,0,0,1,1,0,1,0,1
186,183,High,0,0,1,0,0,1,0,1,0,0,1
711,695,High,0,0,0,0,0,1,0,0,1,0,0
187,185,High,0,1,1,0,0,1,0,1,1,0,1
449,441,High,1,0,1,0,0,1,1,1,0,1,1
717,697,High,1,0,0,0,0,1,0,0,0,0,0
189,186,High,0,0,0,0,0,1,1,1,1,0,1
1019,955,High,1,1,1,0,0,1,1,1,0,1,1
732,700,High,0,0,1,0,0,1,1,1,1,1,1
738,700,High,1,1,0,0,0,1,0,0,1,0,0
191,189,High,1,1,0,0,0,1,0,1,1,1,0
455,445,High,0,1,1,0,0,1,1,0,1,1,1
198,192,High,1,1,1,0,0,1,0,0,0,0,1
460,449,High,0,0,1,0,0,1,1,0,1,1,1
200,197,High,0,0,1,0,0,1,1,0,1,0,1
199,198,High,0,0,0,0,0,1,0,0,0,1,0
464,454,High,0,0,1,0,0,1,1,1,0,0,1
769,710,High,0,1,0,0,0,1,0,1,0,0,0
209,202,High,1,0,1,0,0,1,0,0,0,1,1
207,202,High,0,1,1,0,0,1,0,1,0,0,1
210,203,High,0,0,1,0,0,1,0,0,0,1,1
212,210,High,0,0,0,0,0,1,0,1,0,1,0
221,212,High,1,1,1,0,0,1,0,1,0,1,1
215,213,High,1,1,0,0,0,1,1,0,0,0,0
240,214,High,0,1,0,0,0,1,1,1,0,0,0
220,216,High,1,0,1,0,0,1,1,1,0,0,1
219,216,High,0,1,0,0,0,1,0,1,1,1,0
486,474,High,0,1,0,0,0,1,0,0,1,0,0
752,731,High,1,1,0,0,0,1,0,0,0,0,0
236,222,High,1,1,0,0,0,1,1,1,0,0,0
235,226,High,1,1,0,0,0,1,1,1,1,0,0
241,235,High,0,1,1,0,0,1,0,1,1,1,1
242,235,High,1,0,0,0,0,1,0,0,0,1,0
243,239,High,0,0,1,0,0,1,0,1,1,1,1
243,240,High,0,1,1,0,0,1,1,0,1,0,1
246,241,High,0,0,0,0,0,1,1,1,1,0,0
250,241,High,0,0,0,0,0,1,0,0,1,1,0
531,505,High,1,1,1,0,0,1,1,1,0,0,1
1,1,Medium,1,0,1,0,0,0,0,0,1,0,0
1,1,Medium,0,1,0,0,0,0,1,1,1,1,0
1,1,Medium,1,0,0,0,0,0,1,1,0,0,1
1,1,Medium,1,0,0,0,0,0,1,1,1,0,0
1,1,Medium,1,1,1,0,1,0,1,1,1,1,1
1,1,Medium,1,0,1,0,0,0,1,0,1,1,1
1,1,Medium,0,1,1,0,0,0,1,1,1,0,0
1,1,Medium,0,1,1,0,0,0,0,0,1,1,0
1,1,Medium,1,1,1,0,0,0,1,1,1,1,1
1,1,Medium,0,0,1,0,1,0,1,0,1,1,1
1,1,Medium,0,0,0,0,0,0,1,0,1,1,1
1,1,Medium,1,0,1,0,0,0,1,0,1,0,1
1,1,Medium,1,1,1,1,0,1,1,0,0,1,1
1,1,Medium,1,1,0,0,0,0,1,0,0,0,1
1,1,Medium,1,0,1,0,0,0,1,0,0,0,0
1,1,Medium,1,0,0,0,0,0,1,1,1,1,0
1,1,Medium,1,1,1,1,0,1,1,1,1,1,0
1,1,Medium,0,0,1,0,1,0,0,1,0,1,1
1,1,Medium,1,1,1,1,0,1,0,1,1,1,1
1,1,Medium,1,0,1,0,0,0,1,0,1,0,0
1,1,Medium,0,1,0,0,0,0,0,1,1,1,1
1,1,Medium,1,0,0,0,0,0,1,0,0,1,0
1,1,Medium,0,0,1,0,1,0,0,0,1,0,1
1,1,Medium,1,0,0,0,0,0,1,0,1,0,1
1,1,Medium,1,1,1,0,1,0,0,0,1,1,0
1,1,Medium,1,1,1,0,0,0,0,1,1,1,1
1,1,Medium,1,1,1,0,1,0,1,1,0,0,0
1,1,Medium,1,1,1,0,0,0,0,0,0,1,1
1,1,Medium,1,0,1,0,0,0,0,1,0,1,0
1,1,Medium,1,1,1,0,0,0,1,1,0,0,0
1,1,Medium,1,1,1,0,1,0,0,1,1,0,0
1,1,Medium,1,1,0,0,0,0,0,0,1,1,1
1,1,Medium,1,1,0,0,0,0,1,0,1,1,1
1,1,Medium,1,0,0,0,0,0,1,1,0,1,0
1,1,Medium,0,1,1,0,1,0,0,0,0,1,1
1,1,Medium,0,1,0,0,0,0,1,1,1,1,1
1,1,Medium,1,1,1,1,0,1,0,1,1,0,1
1,1,Medium,0,1,1,0,1,0,0,1,1,1,1
1,1,Medium,1,1,1,1,0,0,1,1,1,0,0
1,1,Medium,1,1,1,0,1,0,0,0,0,1,0
1,1,Medium,0,1,1,0,1,0,1,1,1,0,0
1,1,Medium,0,0,1,0,0,0,0,1,0,0,0
1,1,Medium,0,1,0,0,0,0,1,0,0,1,0
1,1,Medium,1,0,0,0,0,0,0,1,1,1,0
1,1,Medium,0,1,0,0,0,0,0,0,1,0,1
1,1,Medium,1,1,1,0,1,0,1,1,0,0,1
1,1,Medium,1,1,1,0,0,0,1,0,1,0,1
1,1,Medium,1,0,1,0,0,0,0,0,0,0,1
1,1,Medium,0,0,0,0,0,0,0,1,1,0,1
1,1,Medium,1,1,1,0,0,0,0,0,1,0,0
1,1,Medium,1,0,1,0,0,0,1,1,0,0,1
1,1,Medium,0,0,1,0,0,0,0,0,1,0,1
1,1,Medium,0,1,0,0,0,0,1,1,0,0,1
1,1,Medium,0,1,1,0,1,0,0,0,1,0,0
1,1,Medium,1,1,1,1,0,1,0,1,1,1,0
1,1,Medium,0,0,1,0,0,0,0,1,1,1,0
1,1,Medium,1,1,0,0,0,0,0,0,1,0,1
1,1,Medium,1,1,0,0,0,0,1,0,0,1,0
1,1,Medium,0,0,1,0,1,0,1,0,0,0,0
1,1,Medium,0,0,1,0,0,0,0,0,0,1,1
1,1,Medium,1,0,1,0,1,0,0,0,0,1,0
1,1,Medium,1,1,1,0,1,0,1,0,1,1,1
1,1,Medium,0,0,1,0,0,0,0,1,0,0,1
1,1,Medium,0,0,1,0,0,0,0,1,0,1,0
1,1,Medium,1,1,1,0,0,0,0,0,1,0,1
1,1,Medium,1,0,0,0,0,0,0,0,1,1,1
1,1,Medium,0,0,0,0,0,0,0,1,0,0,1
1,1,Medium,0,0,1,0,0,0,1,1,1,0,1
1,1,Medium,0,1,1,0,0,0,0,0,1,1,1
1,1,Medium,0,1,1,0,1,0,0,1,0,0,0
1,1,Medium,0,1,1,0,1,0,0,1,1,0,1
1,1,Medium,1,0,0,0,0,0,0,1,1,1,1
1,1,Medium,1,0,1,0,1,0,0,1,1,0,0
1,1,Medium,0,1,0,0,0,0,1,1,1,0,1
1,1,Medium,0,0,1,0,1,0,0,1,1,1,1
1,1,Medium,1,0,1,0,0,0,0,0,0,1,1
1,1,Medium,0,0,1,0,0,0,0,1,0,1,1
1,1,Medium,0,1,1,0,1,0,0,1,0,1,0
1,1,Medium,1,1,1,0,0,0,1,1,1,1,0
1,1,Medium,0,1,1,0,1,0,1,1,1,0,1
1,1,Medium,1,1,0,0,0,0,0,0,1,0,0
1,1,Medium,1,0,0,0,0,0,0,1,1,0,1
1,1,Medium,1,0,0,0,0,0,1,1,0,1,1
1,1,Medium,0,0,1,0,1,0,1,1,0,0,1
1,1,Medium,1,0,1,0,0,0,1,1,1,0,1
1,1,Medium,1,1,1,0,0,0,0,1,0,0,0
1,1,Medium,1,1,0,0,0,0,1,0,1,0,1
1,1,Medium,1,1,0,0,0,0,1,1,1,1,1
1,1,Medium,0,0,1,0,0,0,1,1,0,1,1
1,1,Medium,0,0,0,0,0,0,1,1,0,1,0
1,1,Medium,0,0,1,0,1,0,0,1,0,1,0
1,1,Medium,1,0,1,0,0,0,0,1,1,0,0
1,1,Medium,0,1,1,0,0,0,0,1,1,1,0
1,1,Medium,0,1,1,0,0,0,0,0,0,0,1
1,1,Medium,1,0,0,0,0,0,1,0,1,1,0
1,1,Medium,1,0,1,0,0,0,1,1,1,1,0
1,1,Medium,0,0,1,0,0,0,1,1,1,1,0
1,1,Medium,0,0,0,0,0,0,1,0,1,0,1
1,1,Medium,1,1,1,0,1,0,0,0,0,0,0
1,1,Medium,0,1,0,0,0,0,0,0,0,1,0
1,1,Medium,1,1,1,0,1,0,0,0,1,0,1
1,1,Medium,1,1,1,0,1,0,0,1,0,1,0
1,1,Medium,1,1,0,0,0,0,1,1,0,1,0
1,1,Medium,0,0,1,0,0,0,1,0,1,1,1
1,1,Medium,1,0,1,0,0,0,0,0,1,0,1
1,1,Medium,1,0,1,0,1,0,0,0,1,0,1
1,1,Medium,1,1,0,0,0,0,1,1,1,0,1
1,1,Medium,1,0,1,0,0,0,1,0,0,1,1
1,1,Medium,0,0,1,0,1,0,0,1,0,0,1
1,1,Medium,1,0,1,0,1,0,1,0,0,0,0
1,1,Medium,0,1,1,0,1,0,1,0,0,0,0
1,1,Medium,1,0,1,0,0,0,0,0,1,1,1
1,1,Medium,1,1,1,0,0,0,0,0,0,0,1
2,2,Medium,0,0,0,0,0,0,1,0,1,0,0
2,2,Medium,1,1,0,0,0,0,1,1,1,0,0
2,2,Medium,1,1,1,0,0,0,1,0,0,0,1
2,2,Medium,0,1,1,0,0,0,1,0,1,1,1
2,2,Medium,0,1,1,0,1,0,0,1,1,0,0
2,2,Medium,0,0,1,0,0,0,1,1,0,0,1
2,2,Medium,1,1,0,1,0,1,0,1,1,0,1
2,2,Medium,1,0,0,0,0,0,0,0,0,1,0
2,2,Medium,1,1,0,0,0,0,0,1,1,0,1
2,2,Medium,0,0,1,0,0,0,0,0,1,1,1
2,2,Medium,0,0,0,0,0,0,0,1,1,1,1
2,2,Medium,0,0,0,0,0,0,1,1,1,1,0
2,2,Medium,1,1,1,1,1,1,0,1,1,0,1
2,2,Medium,0,1,1,0,0,0,0,0,0,1,1
2,2,Medium,0,0,0,0,0,0,1,0,1,1,0
2,2,Medium,1,0,1,0,1,0,1,1,1,1,0
2,2,Medium,1,1,0,0,0,0,1,0,1,0,0
2,2,Medium,1,1,1,0,0,0,1,0,0,1,1
2,2,Medium,1,1,1,0,0,0,0,1,1,1,0
2,2,Medium,1,1,1,1,1,1,0,1,0,1,0
2,2,Medium,0,0,1,0,0,0,0,1,1,0,0
2,2,Medium,1,0,1,0,0,0,1,0,0,0,1
2,2,Medium,1,0,1,0,0,0,1,1,0,1,1
2,2,Medium,0,0,0,0,0,0,1,0,0,0,0
2,2,Medium,1,1,0,0,0,0,0,1,0,1,0
2,2,Medium,0,1,1,0,0,0,0,1,0,0,1
2,2,Medium,0,1,0,0,0,0,1,0,0,0,0
2,2,Medium,0,1,0,0,0,0,0,1,1,0,1
2,2,Medium,0,1,1,0,0,0,1,1,1,0,1
2,2,Medium,0,0,0,0,0,0,0,1,1,1,0
2,2,Medium,0,0,1,0,1,0,1,0,1,0,1
3,2,Medium,0,0,0,0,0,0,1,1,0,0,0
2,2,Medium,0,1,0,0,0,0,0,1,0,1,0
2,2,Medium,0,1,1,0,0,0,0,1,0,0,0
2,2,Medium,1,1,1,1,1,1,1,1,1,1,0
2,2,Medium,1,1,1,0,1,0,1,0,1,0,1
2,2,Medium,0,0,0,0,0,0,1,1,1,1,1
2,2,Medium,1,0,0,0,0,0,1,1,1,1,1
2,2,Medium,0,0,1,0,0,0,1,1,1,1,1
2,2,Medium,1,1,0,0,0,0,1,1,0,0,1
2,2,Medium,0,0,1,0,1,0,0,1,0,0,0
2,2,Medium,1,1,1,1,1,1,0,1,1,0,0
2,2,Medium,1,0,0,0,0,0,0,0,1,1,0
2,2,Medium,0,0,1,0,0,0,1,0,0,0,1
2,2,Medium,1,0,1,0,0,0,0,1,0,1,1
2,2,Medium,0,1,0,0,0,0,1,1,0,1,0
2,2,Medium,1,1,1,0,0,0,0,0,1,1,1
2,2,Medium,1,1,0,0,0,0,1,1,0,0,0
3,3,Medium,1,1,1,1,0,1,0,1,1,0,0
3,3,Medium,1,1,1,0,0,0,1,1,0,0,1
3,3,Medium,0,0,0,0,0,0,0,0,0,1,0
3,3,Medium,0,0,0,0,0,0,0,1,0,1,0
3,3,Medium,1,1,0,0,0,0,0,1,1,1,0
3,3,Medium,0,0,1,0,0,0,1,0,0,1,1
3,3,Medium,1,1,0,1,0,1,1,1,1,1,1
3,3,Medium,0,1,1,0,0,0,1,0,0,1,1
3,3,Medium,1,1,1,0,0,0,0,1,0,0,1
10,3,Medium,1,1,0,1,0,1,0,1,0,0,1
3,3,Medium,1,1,1,0,0,0,0,1,0,1,1
3,3,Medium,0,1,1,0,0,0,1,1,1,1,1
3,3,Medium,1,0,1,0,0,0,1,1,1,1,1
3,3,Medium,1,1,0,0,0,0,0,0,1,1,0
4,3,Medium,1,1,1,1,1,1,1,1,1,0,0
3,3,Medium,1,0,0,0,0,0,0,1,0,1,0
3,3,Medium,1,0,0,0,0,0,1,0,1,0,0
3,3,Medium,1,1,1,0,1,0,1,0,0,0,0
4,3,Medium,1,1,0,1,0,1,1,1,1,0,1
3,3,Medium,1,1,0,0,0,0,1,0,0,0,0
3,3,Medium,0,1,0,0,0,0,0,0,0,0,0
6,4,Medium,1,1,0,1,0,1,0,1,1,1,0
4,4,Medium,0,0,1,0,0,0,0,0,1,1,0
4,4,Medium,0,1,1,0,0,0,1,1,0,0,1
4,4,Medium,1,1,1,0,0,0,1,1,1,0,1
9,4,Medium,1,1,1,1,1,1,0,1,0,0,0
6,4,Medium,1,1,1,1,1,1,1,1,1,1,1
4,4,Medium,1,1,1,1,1,1,1,1,1,0,1
8,4,Medium,1,1,1,1,0,1,1,1,0,1,0
4,4,Medium,0,0,0,0,0,0,1,1,1,0,0
4,4,Medium,0,0,1,0,0,0,0,1,1,0,1
4,4,Medium,0,0,0,0,0,0,0,0,1,1,0
4,4,Medium,1,0,0,0,0,0,0,0,1,0,0
5,5,Medium,0,0,0,0,0,0,0,0,0,0,0
6,5,Medium,1,1,1,1,0,1,1,1,1,0,0
5,5,Medium,1,1,1,0,0,0,1,1,0,1,1
5,5,Medium,0,1,0,0,0,0,0,1,0,0,0
5,5,Medium,0,1,0,0,0,0,1,0,1,0,0
5,5,Medium,0,1,0,0,0,0,0,0,1,0,0
8,5,Medium,1,1,1,1,1,1,0,1,0,1,1
269,261,Medium,0,0,0,0,0,1,0,0,0,1,0
6,6,Medium,1,0,0,0,0,0,0,1,0,0,0
6,6,Medium,0,1,1,0,0,0,1,0,0,0,1
6,6,Medium,1,1,1,1,1,1,1,1,0,1,0
6,6,Medium,1,1,0,0,0,0,0,1,1,0,0
9,6,Medium,1,1,0,1,0,1,0,1,0,1,1
9,6,Medium,1,1,0,1,0,1,0,1,0,1,0
10,6,Medium,1,1,1,1,0,1,0,1,0,1,0
21,6,Medium,1,1,1,1,0,1,0,1,0,0,0
6,6,Medium,0,1,1,0,0,0,1,1,0,1,1
17,6,Medium,1,1,1,1,0,1,0,1,0,1,1
274,262,Medium,0,1,0,0,0,1,1,1,1,0,1
271,262,Medium,0,0,0,0,0,1,1,1,0,0,0
8,7,Medium,1,1,1,1,1,1,1,1,0,0,0
7,7,Medium,0,0,0,0,0,0,0,1,0,0,0
7,7,Medium,1,0,0,0,0,0,0,0,0,0,0
8,8,Medium,0,1,0,0,0,0,1,1,1,0,0
16,8,Medium,1,1,0,1,0,1,1,1,0,0,1
294,264,Medium,0,1,1,0,0,1,0,1,1,1,1
9,9,Medium,0,0,0,0,0,0,0,0,1,0,0
9,9,Medium,1,1,1,0,0,0,1,0,1,1,1
9,9,Medium,0,1,0,0,0,0,0,1,1,0,0
10,9,Medium,1,1,0,1,0,1,1,1,1,1,0
530,521,Medium,0,0,1,0,0,1,1,1,1,0,1
15,10,Medium,1,1,1,1,0,1,0,1,0,0,1
10,10,Medium,1,1,0,0,0,0,0,0,0,0,0
11,10,Medium,1,1,1,1,1,1,1,1,0,0,1
10,10,Medium,1,1,0,0,0,0,0,1,0,0,0
17,11,Medium,1,1,1,1,1,1,1,1,0,1,1
11,11,Medium,1,0,0,0,0,0,0,1,1,0,0
21,11,Medium,1,1,1,1,0,1,1,1,0,0,1
19,12,Medium,1,1,0,1,0,1,1,1,1,0,0
12,12,Medium,1,1,1,1,0,1,1,1,1,0,1
12,12,Medium,0,0,0,0,0,0,0,1,1,0,0
276,268,Medium,0,0,0,0,0,1,0,1,0,1,0
15,13,Medium,1,1,0,1,0,1,0,1,1,0,0
18,13,Medium,1,1,0,1,0,1,1,1,0,1,0
540,525,Medium,1,0,1,0,0,1,1,0,1,1,1
20,15,Medium,1,1,1,1,0,1,1,1,0,0,0
23,16,Medium,1,1,1,1,0,1,1,1,1,1,1
33,16,Medium,1,1,0,1,0,1,1,1,0,1,1
283,274,Medium,0,1,1,0,0,1,0,0,0,1,1
322,277,Medium,1,1,0,0,0,1,1,1,0,0,0
33,22,Medium,1,1,0,1,0,1,1,1,0,0,0
22,22,Medium,1,0,1,0,1,1,0,1,0,0,1
24,24,Medium,0,1,1,0,1,1,1,0,1,1,0
33,25,Medium,1,1,0,1,0,1,0,1,0,0,0
26,25,Medium,1,0,1,0,1,1,1,0,1,1,0
288,281,Medium,1,0,0,0,0,1,0,1,1,1,0
300,281,Medium,1,1,0,0,0,1,1,0,1,0,0
291,282,Medium,0,0,1,0,0,1,0,1,1,1,1
27,27,Medium,0,0,1,0,1,1,1,1,1,1,0
291,283,Medium,1,0,1,0,0,1,0,0,0,1,1
28,28,Medium,1,0,1,0,1,1,1,1,1,0,0
563,541,Medium,0,1,1,0,0,1,1,0,0,0,1
831,798,Medium,0,0,0,0,0,1,0,0,0,0,0
32,31,Medium,0,0,1,0,1,1,1,0,1,1,0
31,31,Medium,1,0,1,0,1,1,1,1,1,1,0
32,32,Medium,1,1,1,0,1,1,1,0,1,1,0
37,35,Medium,1,0,1,0,1,1,1,0,1,0,0
35,35,Medium,1,0,1,0,1,1,1,1,0,1,0
304,291,Medium,0,1,1,0,0,1,0,1,0,0,1
37,36,Medium,0,0,1,0,0,1,1,1,1,1,0
49,36,Medium,1,1,1,1,0,1,1,1,0,1,1
36,36,Medium,0,0,1,0,1,1,1,0,0,1,0
38,37,Medium,0,0,1,0,1,1,1,0,1,0,0
37,37,Medium,1,0,1,0,1,1,0,1,1,1,0
39,38,Medium,1,0,1,0,1,1,0,1,1,0,1
38,38,Medium,1,0,1,0,0,1,1,1,1,1,0
38,38,Medium,1,0,0,0,0,1,0,1,0,0,1
39,38,Medium,0,0,1,0,0,1,1,0,1,1,0
38,38,Medium,1,0,1,0,0,1,1,1,1,0,0
40,38,Medium,0,1,1,0,0,1,1,0,1,1,0
39,39,Medium,1,0,1,0,0,1,0,1,1,1,0
40,39,Medium,1,0,1,0,0,1,1,0,1,1,0
40,40,Medium,1,0,1,0,1,1,0,1,0,1,1
43,40,Medium,0,0,1,0,0,1,1,0,1,0,0
310,296,Medium,1,1,0,0,0,1,1,0,0,0,0
42,41,Medium,1,1,1,0,1,1,1,1,1,1,0
43,41,Medium,1,0,1,0,1,1,0,1,1,1,1
1131,1065,Medium,0,0,0,0,0,1,0,1,0,0,0
43,42,Medium,1,0,0,0,0,1,0,1,0,1,1
43,43,Medium,0,1,1,0,1,1,0,0,1,0,1
1126,1067,Medium,0,1,1,0,0,1,1,0,0,1,1
44,44,Medium,1,0,0,0,0,1,0,0,0,1,1
45,45,Medium,0,1,1,0,1,1,1,0,0,1,0
579,557,Medium,0,1,0,0,0,1,0,0,0,0,0
48,46,Medium,1,1,1,0,1,1,1,1,0,1,0
46,46,Medium,1,0,1,0,0,1,1,0,1,0,0
48,46,Medium,0,1,0,0,0,1,0,0,0,1,1
46,46,Medium,0,1,1,0,1,1,1,0,1,0,0
309,302,Medium,1,1,1,0,0,1,0,0,0,0,1
47,47,Medium,0,0,1,0,1,1,0,0,0,0,1
51,47,Medium,1,1,1,0,1,1,0,1,0,1,1
48,47,Medium,1,0,1,0,1,1,0,0,1,0,1
47,47,Medium,1,0,1,0,1,1,0,0,0,1,1
48,48,Medium,1,0,1,0,1,1,0,1,0,1,0
1119,1072,Medium,0,0,1,0,0,1,1,1,0,1,1
49,49,Medium,0,0,1,0,0,1,1,0,0,1,0
49,49,Medium,1,0,1,0,1,1,1,0,1,0,1
50,49,Medium,0,1,1,0,1,1,0,0,0,1,1
49,49,Medium,0,0,1,0,1,1,1,0,0,0,0
50,49,Medium,1,0,1,0,1,1,0,0,1,1,1
49,49,Medium,0,1,1,0,1,1,0,0,0,0,1
50,50,Medium,0,0,1,0,1,1,0,0,0,1,1
51,51,Medium,0,0,1,0,1,1,1,1,0,1,0
850,819,Medium,1,0,0,0,0,1,0,1,1,0,0
53,52,Medium,0,0,1,0,1,1,0,0,1,1,0
54,52,Medium,1,1,1,0,0,1,1,1,1,1,0
56,52,Medium,0,1,0,0,0,1,0,0,0,0,1
53,53,Medium,0,0,0,0,0,1,0,0,0,0,1
55,53,Medium,1,0,1,0,1,1,1,1,0,0,1
53,53,Medium,1,0,1,0,1,1,1,0,0,1,0
322,309,Medium,0,0,1,0,0,1,1,0,1,0,1
317,309,Medium,1,1,0,0,0,1,0,1,1,1,0
54,54,Medium,0,0,1,0,1,1,0,0,1,1,1
56,54,Medium,0,1,1,0,0,1,1,1,1,1,0
54,54,Medium,1,0,0,0,0,1,0,0,0,0,1
54,54,Medium,0,1,1,0,1,1,0,0,0,1,0
56,54,Medium,0,1,1,0,1,1,1,1,0,1,0
55,55,Medium,1,0,1,0,1,1,1,1,0,0,0
55,55,Medium,0,1,1,0,0,1,1,0,1,0,0
55,55,Medium,0,1,1,0,1,1,0,0,1,1,1
55,55,Medium,1,1,1,0,1,1,1,0,1,0,0
57,55,Medium,1,1,1,0,1,1,0,1,1,1,0
348,311,Medium,1,1,1,0,0,1,0,1,0,1,1
58,56,Medium,0,1,1,0,1,1,1,1,1,1,0
56,56,Medium,0,1,1,0,0,1,0,0,1,1,0
58,56,Medium,0,0,1,0,1,1,0,0,1,0,1
57,57,Medium,1,1,1,0,1,1,0,0,1,0,1
59,57,Medium,1,1,1,0,1,1,0,1,1,0,1
58,57,Medium,1,0,1,0,1,1,1,1,1,0,1
57,57,Medium,1,0,1,0,1,1,0,0,0,0,1
65,58,Medium,1,1,1,0,1,1,1,1,1,0,0
65,58,Medium,1,1,1,0,0,1,1,1,1,0,0
63,59,Medium,0,0,1,0,1,1,1,1,0,0,0
60,59,Medium,0,0,1,0,1,1,1,0,0,0,1
62,59,Medium,1,1,1,0,0,1,1,0,1,1,0
323,315,Medium,1,1,0,0,0,1,0,0,1,1,0
62,60,Medium,1,1,1,0,1,1,0,0,0,0,1
60,60,Medium,0,1,1,0,1,1,0,0,1,1,0
60,60,Medium,1,1,1,0,1,1,0,0,1,1,0
60,60,Medium,0,0,1,0,1,1,0,0,0,1,0
60,60,Medium,1,1,1,0,1,1,0,0,1,1,1
591,572,Medium,0,0,1,0,0,1,1,0,1,1,1
62,62,Medium,0,0,1,0,0,1,1,1,0,1,0
1722,1598,Medium,0,0,0,0,0,1,0,1,1,0,0
65,63,Medium,1,1,1,0,1,1,1,0,0,1,0
63,63,Medium,1,0,1,0,1,1,1,0,0,0,0
66,63,Medium,0,0,1,0,1,1,0,1,1,1,0
377,319,Medium,1,1,0,0,0,1,1,1,1,0,0
64,64,Medium,1,1,0,0,0,1,0,0,0,0,1
66,64,Medium,1,1,1,0,1,1,0,1,0,0,1
66,64,Medium,0,1,0,0,0,1,0,0,1,1,1
69,64,Medium,0,0,0,0,0,1,0,0,0,1,1
65,64,Medium,0,0,1,0,1,1,0,1,0,0,1
64,64,Medium,0,1,1,0,1,1,0,1,0,0,1
65,65,Medium,0,1,1,0,1,1,0,1,1,1,0
339,321,Medium,0,0,1,0,0,1,0,1,0,1,1
75,66,Medium,1,1,1,0,1,1,0,1,1,1,1
67,66,Medium,1,0,0,0,0,1,1,1,0,0,1
66,66,Medium,1,0,1,0,0,1,1,1,0,1,0
71,67,Medium,1,1,1,0,1,1,0,1,0,1,0
70,67,Medium,1,0,1,0,1,1,1,0,0,0,1
70,67,Medium,0,1,1,0,1,1,0,1,0,1,1
68,67,Medium,1,0,1,0,1,1,0,0,1,1,0
592,579,Medium,0,0,1,0,0,1,1,1,0,0,1
73,69,Medium,0,1,1,0,0,1,0,1,1,1,0
69,69,Medium,1,0,1,0,0,1,0,0,1,1,0
72,69,Medium,1,0,0,0,0,1,1,1,0,1,1
69,69,Medium,1,0,0,0,0,1,0,1,1,0,1
73,70,Medium,0,0,1,0,0,1,1,1,1,0,0
71,70,Medium,0,0,0,0,0,1,0,1,0,1,1
75,70,Medium,1,1,0,0,0,1,0,1,0,1,1
70,70,Medium,1,0,0,0,0,1,1,0,0,0,1
74,71,Medium,1,1,1,0,0,1,0,1,1,1,0
72,71,Medium,1,0,1,0,1,1,1,1,0,1,1
74,71,Medium,1,0,1,0,0,1,1,1,0,0,0
73,71,Medium,0,1,1,0,1,1,1,0,1,0,1
76,72,Medium,0,1,0,0,0,1,0,1,0,1,1
73,72,Medium,1,0,1,0,1,1,0,1,1,0,0
75,73,Medium,1,0,0,0,0,1,0,1,1,1,1
78,73,Medium,0,1,1,0,1,1,1,0,0,0,0
75,74,Medium,1,1,0,0,0,1,0,1,0,0,1
76,74,Medium,1,1,1,0,0,1,0,0,1,1,0
891,842,Medium,0,1,1,0,0,1,1,1,0,0,1
78,75,Medium,0,0,0,0,0,1,0,1,0,0,1
78,76,Medium,1,0,0,0,0,1,1,0,0,1,1
80,76,Medium,0,0,1,0,1,1,1,1,1,0,0
76,76,Medium,0,1,1,0,0,1,1,0,0,0,0
77,76,Medium,0,0,1,0,1,1,1,0,1,0,1
77,76,Medium,1,0,1,0,0,1,0,1,1,0,0
77,76,Medium,0,1,1,0,1,1,0,1,1,1,1
78,77,Medium,0,0,1,0,1,1,0,1,1,1,1
80,77,Medium,0,1,1,0,1,1,0,0,1,0,0
79,77,Medium,1,1,1,0,0,1,1,0,1,0,0
80,77,Medium,0,1,0,0,0,1,1,0,0,0,1
79,78,Medium,0,1,0,0,0,1,1,0,0,1,0
80,78,Medium,0,1,1,0,1,1,0,1,0,1,0
80,79,Medium,0,0,1,0,1,1,0,1,0,1,1
81,79,Medium,0,1,1,0,0,1,1,0,0,1,0
80,79,Medium,1,1,1,0,1,1,0,0,0,1,1
351,335,Medium,1,0,1,0,0,1,1,1,0,0,1
84,80,Medium,0,1,0,0,0,1,0,1,0,0,1
80,80,Medium,0,0,0,0,0,1,1,0,0,1,1
80,80,Medium,1,0,1,0,0,1,1,0,0,1,0
84,81,Medium,0,0,1,0,0,1,0,0,1,1,0
95,81,Medium,0,1,1,0,1,1,1,1,1,0,0
83,81,Medium,0,1,0,0,0,1,0,0,1,0,1
82,82,Medium,1,0,1,0,0,1,0,1,0,1,0
84,82,Medium,0,1,1,0,0,1,0,0,1,0,0
94,83,Medium,1,1,0,0,0,1,0,1,1,1,1
84,84,Medium,0,1,1,0,1,1,0,1,1,0,1
907,852,Medium,1,1,0,0,0,1,0,1,0,0,0
1527,1364,Medium,1,1,1,0,0,1,1,1,0,1,1
85,85,Medium,1,0,0,0,0,1,0,0,1,1,1
86,85,Medium,0,0,1,0,1,1,0,1,0,1,0
85,85,Medium,1,0,0,0,0,1,1,0,1,0,1
390,341,Medium,0,1,1,0,0,1,0,1,0,1,1
102,86,Medium,0,1,1,0,0,1,1,1,1,0,0
86,86,Medium,1,0,0,0,0,1,1,1,0,1,0
90,86,Medium,0,0,1,0,0,1,1,0,0,0,0
89,86,Medium,0,1,1,0,0,1,1,1,0,1,0
354,342,Medium,1,0,0,0,0,1,0,0,0,1,0
89,87,Medium,1,1,1,0,1,1,1,1,0,0,0
87,87,Medium,0,1,1,0,0,1,0,0,0,1,0
88,88,Medium,1,1,0,0,0,1,0,0,0,1,1
91,89,Medium,0,1,1,0,1,1,1,0,0,0,1
89,89,Medium,0,0,0,0,0,1,1,0,0,0,1
91,89,Medium,1,0,1,0,1,1,1,0,1,1,1
365,345,Medium,0,1,0,0,0,1,0,1,1,1,0
1752,1625,Medium,1,1,1,0,0,1,1,0,0,1,1
92,90,Medium,1,1,0,0,0,1,0,0,1,1,1
90,90,Medium,0,0,0,0,0,1,0,0,1,1,1
91,90,Medium,1,1,1,0,1,1,1,0,1,0,1
97,90,Medium,0,0,1,0,0,1,0,0,1,0,0
90,90,Medium,1,0,1,0,1,1,1,1,1,1,1
95,91,Medium,1,0,1,0,0,1,1,0,0,0,0
94,91,Medium,0,1,0,0,0,1,1,0,0,1,1
94,91,Medium,1,1,0,0,0,1,0,1,1,0,1
93,91,Medium,0,0,1,0,1,1,0,1,1,0,1
91,91,Medium,1,0,1,0,0,1,0,0,1,0,0
97,92,Medium,0,0,0,0,0,1,0,0,1,0,1
436,348,Medium,0,1,0,0,0,1,1,1,0,0,0
95,93,Medium,0,0,1,0,1,1,1,1,0,0,1
97,94,Medium,0,0,1,0,0,1,1,1,0,0,0
97,94,Medium,0,0,0,0,0,1,1,1,0,0,1
96,94,Medium,1,0,0,0,0,1,0,0,1,0,1
97,95,Medium,0,0,1,0,1,1,1,0,0,1,1
97,96,Medium,0,0,0,0,0,1,1,0,0,1,0
98,97,Medium,1,0,1,0,1,1,1,0,0,1,1
98,97,Medium,1,1,1,0,1,1,1,0,0,0,0
359,353,Medium,1,1,0,0,0,1,0,0,0,1,0
1211,1121,Medium,0,1,1,0,0,1,1,1,1,1,1
103,98,Medium,1,0,1,0,0,1,0,1,1,0,1
100,99,Medium,1,0,1,0,1,1,0,0,1,0,0
100,99,Medium,1,1,1,0,0,1,1,1,0,1,0
101,99,Medium,0,0,0,0,0,1,1,1,0,1,0
100,99,Medium,0,0,1,0,1,1,0,0,1,0,0
103,100,Medium,1,0,1,0,1,1,0,0,0,1,0
100,100,Medium,1,0,1,0,1,1,0,1,0,0,0
367,356,Medium,0,1,1,0,0,1,1,0,1,0,1
102,101,Medium,1,0,0,0,0,1,1,1,1,0,1
101,101,Medium,0,0,1,0,0,1,0,1,1,1,0
908,869,Medium,1,0,0,0,0,1,0,0,0,0,0
107,102,Medium,1,1,1,0,1,1,1,1,0,0,1
102,102,Medium,0,1,1,0,1,1,1,0,0,1,1
105,102,Medium,1,1,0,0,0,1,0,0,1,0,1
112,103,Medium,0,1,0,0,0,1,1,0,1,1,0
115,103,Medium,0,1,1,0,1,1,1,1,0,0,0
107,106,Medium,1,1,1,0,1,1,1,0,0,0,1
110,106,Medium,0,0,1,0,1,1,1,0,1,1,1
108,106,Medium,1,1,1,0,1,1,0,1,1,0,0
647,618,Medium,0,1,1,0,0,1,1,1,1,0,1
111,107,Medium,0,1,1,0,0,1,0,1,0,1,0
110,107,Medium,1,1,1,0,1,1,0,0,1,0,0
108,108,Medium,0,1,1,0,1,1,1,0,1,1,1
110,108,Medium,1,0,0,0,0,1,1,1,1,1,0
110,109,Medium,1,1,0,0,0,1,1,0,0,0,1
113,110,Medium,0,0,1,0,0,1,0,0,0,1,0
114,111,Medium,1,0,0,0,0,1,1,0,0,1,0
373,367,Medium,1,0,0,0,0,1,0,0,1,1,0
116,112,Medium,1,0,0,0,0,1,1,1,1,1,1
115,112,Medium,0,1,1,0,1,1,0,1,1,0,0
115,112,Medium,0,0,0,0,0,1,1,1,0,1,1
117,113,Medium,1,1,1,0,0,1,0,1,1,0,0
115,113,Medium,0,0,0,0,0,1,1,0,1,1,0
119,113,Medium,1,1,0,0,0,1,1,1,0,1,0
115,115,Medium,1,1,1,0,0,1,0,0,1,0,0
919,883,Medium,1,0,1,0,0,1,1,0,0,1,1
122,117,Medium,0,0,1,0,1,1,1,1,0,1,1
120,118,Medium,1,1,1,0,1,1,1,1,1,0,1
120,118,Medium,0,1,1,0,1,1,0,0,0,0,0
121,118,Medium,0,1,0,0,0,1,1,0,1,1,1
124,119,Medium,0,0,1,0,0,1,0,1,0,1,0
123,122,Medium,1,1,1,0,1,1,0,0,0,1,0
126,123,Medium,0,1,1,0,0,1,0,0,1,0,1
128,125,Medium,0,1,0,0,0,1,1,0,1,0,1
654,637,Medium,1,0,0,0,0,1,0,1,0,0,0
130,126,Medium,0,0,0,0,0,1,1,0,1,1,1
129,126,Medium,1,0,0,0,0,1,1,0,1,1,1
130,127,Medium,0,0,0,0,0,1,1,0,1,0,1
132,128,Medium,1,0,1,0,0,1,0,0,1,0,1
134,129,Medium,1,1,0,0,0,1,1,1,0,0,1
501,385,Medium,0,1,0,0,0,1,1,1,1,0,0
133,130,Medium,0,0,1,0,1,1,1,1,1,0,1
140,130,Medium,0,1,0,0,0,1,0,1,1,1,1
933,898,Medium,1,1,0,0,0,1,0,0,1,0,0
133,131,Medium,0,1,1,0,1,1,1,1,0,1,1
137,132,Medium,1,1,1,0,1,1,1,1,0,1,1
940,900,Medium,1,1,1,0,0,1,1,0,1,1,1
1298,1156,Medium,0,1,0,0,0,1,0,1,1,0,0
156,133,Medium,0,1,1,0,0,1,1,1,0,0,0
140,134,Medium,1,0,0,0,0,1,1,0,1,1,0
152,134,Medium,0,1,0,0,0,1,1,1,0,1,0
397,390,Medium,0,0,0,0,0,1,0,0,1,1,0
137,135,Medium,1,0,1,0,0,1,0,1,0,0,1
139,136,Medium,0,1,1,0,1,1,1,1,0,0,1
137,136,Medium,1,1,1,0,0,1,0,1,0,1,0
144,137,Medium,1,1,1,0,0,1,1,0,0,1,0
413,393,Medium,0,0,0,0,0,1,1,1,1,0,0
145,138,Medium,1,1,0,0,0,1,1,1,0,1,1
149,138,Medium,0,1,1,0,0,1,0,1,1,0,0
666,650,Medium,1,0,1,0,0,1,1,1,0,1,1
1007,906,Medium,0,1,0,0,0,1,0,1,0,0,0
143,141,Medium,0,0,1,0,0,1,0,1,1,0,0
141,141,Medium,1,0,1,0,0,1,0,1,0,0,0
154,142,Medium,1,1,1,0,0,1,0,0,1,0,1
144,143,Medium,0,0,1,0,1,1,0,0,0,0,0
170,144,Medium,1,1,1,0,0,1,1,1,0,0,0
955,912,Medium,0,0,1,0,0,1,1,1,1,1,1
156,146,Medium,0,1,0,0,0,1,1,1,0,1,1
411,402,Medium,1,0,1,0,0,1,1,0,0,0,1
149,147,Medium,1,1,0,0,0,1,1,0,1,0,1
149,148,Medium,1,1,1,0,1,1,1,0,1,1,1
153,149,Medium,0,0,0,0,0,1,0,1,1,1,1
959,917,Medium,1,0,0,0,0,1,0,0,1,0,0
152,150,Medium,0,1,1,0,0,1,0,0,0,0,0
156,150,Medium,0,1,0,0,0,1,1,1,0,0,1
156,151,Medium,0,0,1,0,0,1,0,0,1,0,1
153,151,Medium,1,0,1,0,1,1,0,0,0,0,0
154,151,Medium,1,1,1,0,1,1,1,1,1,1,1
152,152,Medium,0,0,1,0,0,1,0,0,0,0,0
157,153,Medium,1,1,0,0,0,1,1,1,1,1,0
155,153,Medium,1,1,1,0,0,1,0,1,1,0,1
423,409,Medium,0,0,1,0,0,1,1,0,0,0,1
160,157,Medium,0,0,1,0,1,1,0,1,1,0,0
158,157,Medium,1,1,1,0,1,1,1,0,0,1,1
165,159,Medium,1,1,1,0,0,1,1,0,0,0,0
708,671,Medium,0,1,0,0,0,1,0,0,1,0,0
172,161,Medium,0,1,0,0,0,1,0,1,1,0,1
163,161,Medium,1,0,1,0,0,1,0,0,0,1,0
166,161,Medium,1,1,0,0,0,1,1,0,0,1,1
167,163,Medium,0,1,1,0,0,1,0,0,1,1,1
172,163,Medium,0,1,1,0,1,1,1,1,1,0,1
438,419,Medium,1,1,1,0,0,1,0,0,0,1,1
167,164,Medium,1,1,1,0,1,1,0,0,0,0,0
168,164,Medium,1,0,1,0,0,1,0,0,1,1,1
172,166,Medium,0,0,1,0,1,1,0,1,0,0,0
169,166,Medium,0,0,0,0,0,1,1,1,1,1,0
1005,934,Medium,1,1,1,0,0,1,1,1,1,1,1
174,169,Medium,0,1,1,0,1,1,0,1,0,0,0
189,171,Medium,0,1,0,0,0,1,1,1,1,1,0
1616,1451,Medium,0,1,1,0,0,1,1,1,0,1,1
173,172,Medium,1,0,1,0,0,1,0,1,1,1,1
178,173,Medium,1,1,1,0,1,1,0,1,0,0,0
1026,941,Medium,1,1,0,0,0,1,0,1,1,0,0
177,174,Medium,1,0,0,0,0,1,1,1,0,0,0
181,175,Medium,0,1,1,0,1,1,1,1,1,1,1
179,176,Medium,1,1,0,0,0,1,1,0,1,1,0
178,176,Medium,1,1,1,0,0,1,0,0,0,1,0
185,176,Medium,0,0,1,0,0,1,0,0,1,1,1
183,177,Medium,1,1,0,0,0,1,1,1,1,0,1
724,690,Medium,0,1,1,0,0,1,1,0,1,1,1
191,181,Medium,1,1,1,0,0,1,0,1,0,0,0
185,181,Medium,0,0,0,0,0,1,1,0,0,0,0
190,181,Medium,1,1,0,0,0,1,1,0,0,1,0
450,437,Medium,1,1,1,0,0,1,1,1,1,0,1
456,437,Medium,0,0,0,0,0,1,0,1,1,1,0
186,182,Medium,1,0,1,0,0,1,0,1,0,1,1
191,184,Medium,0,0,1,0,1,1,1,1,1,1,1
453,448,Medium,1,1,1,0,0,1,1,0,1,0,1
199,193,Medium,0,1,0,0,0,1,0,0,0,1,0
200,199,Medium,1,0,0,0,0,1,1,0,0,0,0
211,203,Medium,1,0,1,0,0,1,0,0,0,0,0
1007,973,Medium,1,1,0,0,0,1,0,0,0,0,0
211,206,Medium,0,1,1,0,0,1,0,1,1,0,1
211,206,Medium,1,0,0,0,0,1,0,1,0,1,0
212,206,Medium,0,0,0,0,0,1,1,1,1,0,1
228,208,Medium,0,1,1,0,0,1,0,1,0,0,0
215,208,Medium,0,0,0,0,0,1,1,1,1,1,1
213,209,Medium,1,1,0,0,0,1,1,0,1,1,1
243,209,Medium,1,1,1,0,0,1,0,1,1,1,1
212,210,Medium,0,0,0,0,0,1,0,1,1,0,1
219,211,Medium,0,1,0,0,0,1,1,0,0,0,0
219,212,Medium,1,1,0,0,0,1,1,1,1,1,1
219,215,Medium,0,0,1,0,0,1,0,1,0,0,0
221,216,Medium,1,0,0,0,0,1,1,0,1,0,0
220,216,Medium,0,1,1,0,0,1,0,0,0,0,1
226,217,Medium,0,1,0,0,0,1,0,0,1,1,0
231,217,Medium,0,1,0,0,0,1,1,0,1,0,0
225,219,Medium,1,0,1,0,0,1,1,1,1,0,1
772,732,Medium,1,1,1,0,0,1,1,0,0,0,1
222,221,Medium,1,0,1,0,0,1,0,0,0,0,1
224,221,Medium,1,1,1,0,0,1,0,0,1,1,1
226,225,Medium,1,0,0,0,0,1,1,1,1,0,0
230,227,Medium,0,0,1,0,0,1,0,0,0,0,1
235,230,Medium,1,1,1,0,0,1,0,1,0,0,1
504,487,Medium,1,0,1,0,0,1,1,1,1,1,1
1057,999,Medium,0,0,0,0,0,1,0,0,1,0,0
235,232,Medium,0,0,1,0,0,1,0,1,1,0,1
246,235,Medium,0,1,0,0,0,1,1,1,1,1,1
800,749,Medium,1,1,1,0,0,1,1,1,0,0,1
247,239,Medium,1,0,1,0,0,1,1,0,1,0,1
242,240,Medium,0,0,0,0,0,1,1,0,1,0,0
247,240,Medium,0,0,1,0,0,1,0,1,0,0,1
791,758,Medium,0,0,1,0,0,1,1,0,0,1,1
253,247,Medium,1,1,1,0,0,1,0,0,0,0,0
263,250,Medium,0,0,1,0,0,1,0,0,0,1,1
261,251,Medium,0,1,0,0,0,1,0,1,0,1,0
256,251,Medium,1,1,0,0,0,1,0,1,0,1,0
1,1,Extraordinary,1,1,1,1,1,1,1,1,0,0,0
1,1,Extraordinary,1,1,0,0,0,0,1,0,0,1,0
1,1,Extraordinary,0,1,1,0,1,0,1,1,1,1,1
1,1,Extraordinary,1,1,1,1,1,1,1,1,1,0,1
1,1,Extraordinary,1,0,1,0,1,0,0,0,1,1,1
1,1,Extraordinary,1,0,1,0,0,0,0,1,0,1,1
1,1,Extraordinary,0,0,0,0,0,0,0,1,1,1,0
1,1,Extraordinary,1,1,1,0,0,0,1,0,1,1,1
1,1,Extraordinary,1,1,0,0,0,0,1,1,1,1,1
1,1,Extraordinary,1,1,0,0,0,0,1,0,0,1,1
1,1,Extraordinary,0,1,0,0,0,0,1,1,1,0,1
1,1,Extraordinary,1,1,1,0,0,0,1,0,0,1,1
1,1,Extraordinary,1,1,1,1,0,1,0,1,0,1,0
1,1,Extraordinary,0,1,0,0,0,0,1,1,0,0,1
1,1,Extraordinary,0,0,1,0,0,0,1,0,0,1,0
1,1,Extraordinary,1,1,0,1,0,1,0,1,1,0,1
1,1,Extraordinary,0,0,0,0,0,0,0,1,1,0,0
1,1,Extraordinary,1,1,1,1,1,1,0,1,0,0,1
1,1,Extraordinary,1,1,0,0,0,0,0,1,0,0,0
1,1,Extraordinary,1,1,1,1,0,1,0,1,0,0,0
1,1,Extraordinary,0,0,1,0,0,0,0,1,1,0,1
1,1,Extraordinary,0,0,1,0,0,0,1,1,1,0,1
1,1,Extraordinary,1,0,0,0,0,0,1,1,1,0,0
1,1,Extraordinary,1,1,0,0,0,0,0,0,0,0,0
1,1,Extraordinary,1,1,1,0,0,0,0,0,0,1,1
1,1,Extraordinary,0,1,1,0,1,0,1,0,1,1,1
1,1,Extraordinary,0,1,0,0,0,0,0,1,1,1,0
2,1,Extraordinary,1,1,1,1,0,1,0,1,0,1,1
2,1,Extraordinary,1,1,1,1,1,1,0,1,0,1,0
1,1,Extraordinary,0,1,1,0,0,0,0,0,1,0,0
1,1,Extraordinary,1,0,1,0,0,0,1,1,0,0,0
1,1,Extraordinary,0,0,0,0,0,0,0,1,1,0,1
1,1,Extraordinary,1,1,0,1,0,1,1,1,1,0,1
1,1,Extraordinary,1,1,1,0,0,0,1,0,0,0,1
1,1,Extraordinary,1,1,0,1,0,1,0,1,0,1,1
1,1,Extraordinary,1,0,1,0,1,0,0,1,0,1,0
1,1,Extraordinary,0,0,1,0,0,0,0,0,0,1,0
3,2,Extraordinary,1,0,0,0,0,0,0,0,1,0,0
2,2,Extraordinary,0,1,1,0,0,0,1,1,1,0,1
2,2,Extraordinary,1,1,0,1,0,1,1,1,0,1,1
2,2,Extraordinary,1,1,1,1,1,1,1,1,1,1,0
3,2,Extraordinary,1,1,0,1,0,1,1,1,1,0,0
2,2,Extraordinary,1,1,1,1,0,1,1,1,1,0,1
2,2,Extraordinary,1,1,1,1,1,1,1,1,0,1,1
2,2,Extraordinary,1,1,1,1,0,1,0,1,0,0,1
2,2,Extraordinary,0,0,0,0,0,0,0,1,0,0,0
2,2,Extraordinary,1,1,0,1,0,1,1,1,0,0,1
3,3,Extraordinary,1,1,0,1,0,1,0,1,1,0,0
4,3,Extraordinary,0,1,0,0,0,0,0,1,1,0,0
3,3,Extraordinary,0,0,0,0,0,0,0,0,1,0,0
3,3,Extraordinary,1,1,1,1,0,1,1,1,0,1,0
3,3,Extraordinary,0,1,1,0,0,0,1,1,0,0,1
3,3,Extraordinary,0,1,1,0,0,0,1,1,1,1,1
4,3,Extraordinary,1,1,1,1,0,1,1,1,0,0,1
3,3,Extraordinary,1,1,1,1,1,1,1,1,0,0,1
3,3,Extraordinary,1,1,1,1,1,1,1,1,1,1,1
3,3,Extraordinary,1,1,0,1,0,1,0,1,0,1,0
3,3,Extraordinary,1,1,1,1,1,1,0,1,0,0,0
7,4,Extraordinary,1,1,0,1,0,1,1,1,0,0,0
4,4,Extraordinary,1,1,1,1,0,1,1,1,0,0,0
5,5,Extraordinary,1,1,0,1,0,1,0,1,0,0,0
5,5,Extraordinary,1,0,1,0,1,1,1,1,1,1,0
7,6,Extraordinary,1,1,1,1,0,1,1,1,1,1,1
6,6,Extraordinary,0,1,1,0,1,1,1,0,1,1,0
7,7,Extraordinary,1,0,1,0,1,1,1,1,0,1,0
8,8,Extraordinary,1,0,1,0,0,1,1,1,1,1,0
8,8,Extraordinary,1,0,1,0,1,1,0,1,1,0,1
10,10,Extraordinary,1,0,1,0,1,1,1,1,0,0,1
10,10,Extraordinary,1,1,1,0,1,1,1,0,1,1,0
10,10,Extraordinary,0,0,1,0,1,1,1,0,1,1,0
11,11,Extraordinary,0,0,1,0,1,1,1,1,1,1,0
11,11,Extraordinary,1,1,1,0,1,1,1,1,1,1,0
12,12,Extraordinary,1,0,1,0,1,1,1,0,1,0,0
12,12,Extraordinary,1,0,1,0,1,1,0,1,0,0,1
12,12,Extraordinary,0,1,1,0,1,1,1,0,0,1,0
13,13,Extraordinary,1,0,1,0,1,1,0,0,1,0,1
14,13,Extraordinary,0,1,1,0,1,1,1,0,1,0,0
13,13,Extraordinary,0,1,1,0,0,1,1,0,1,1,0
13,13,Extraordinary,0,1,1,0,1,1,0,0,1,1,0
14,13,Extraordinary,1,0,1,0,1,1,1,0,1,1,0
14,14,Extraordinary,1,0,1,0,0,1,1,0,1,0,0
16,14,Extraordinary,1,1,1,1,0,1,1,1,0,1,1
14,14,Extraordinary,0,0,1,0,0,1,1,0,1,1,0
15,14,Extraordinary,1,0,1,0,1,1,0,1,1,1,1
15,15,Extraordinary,0,1,1,0,0,1,1,0,1,0,0
15,15,Extraordinary,1,0,1,0,0,1,1,0,1,1,0
15,15,Extraordinary,1,1,1,0,1,1,0,0,1,1,1
15,15,Extraordinary,1,0,1,0,1,1,0,1,0,1,1
16,16,Extraordinary,0,1,1,0,1,1,1,0,0,0,0
16,16,Extraordinary,1,1,1,0,1,1,1,1,0,1,0
16,16,Extraordinary,1,1,1,0,1,1,0,1,1,0,1
16,16,Extraordinary,1,0,0,0,0,1,0,1,0,0,1
16,16,Extraordinary,1,1,1,0,0,1,0,1,1,1,0
17,17,Extraordinary,0,0,1,0,1,1,1,1,0,1,0
17,17,Extraordinary,1,0,1,0,1,1,1,1,1,0,0
278,273,Extraordinary,0,0,1,0,0,1,1,1,0,0,1
18,18,Extraordinary,1,1,1,0,1,1,0,0,0,0,1
18,18,Extraordinary,1,0,1,0,0,1,1,1,1,0,0
18,18,Extraordinary,1,0,1,0,0,1,1,1,0,1,0
20,18,Extraordinary,1,1,1,0,1,1,1,0,0,1,0
20,19,Extraordinary,0,0,1,0,0,1,1,0,1,0,0
19,19,Extraordinary,1,1,1,0,0,1,1,0,1,1,0
19,19,Extraordinary,0,0,1,0,1,1,1,0,1,0,0
20,19,Extraordinary,0,0,1,0,0,1,1,0,0,1,0
19,19,Extraordinary,0,1,1,0,1,1,0,0,0,0,1
19,19,Extraordinary,0,0,1,0,0,1,0,0,1,1,0
19,19,Extraordinary,0,0,1,0,1,1,0,0,0,0,1
20,20,Extraordinary,1,0,0,0,0,1,0,0,0,0,1
20,20,Extraordinary,0,1,1,0,0,1,0,0,1,1,0
20,20,Extraordinary,0,0,1,0,1,1,1,0,0,1,0
21,21,Extraordinary,0,0,1,0,1,1,1,0,0,0,0
21,21,Extraordinary,0,1,1,0,1,1,1,1,1,1,0
21,21,Extraordinary,1,1,1,0,1,1,1,0,1,0,0
21,21,Extraordinary,1,1,1,0,1,1,0,1,1,1,1
21,21,Extraordinary,1,1,1,0,1,1,0,1,0,1,1
21,21,Extraordinary,0,1,0,0,0,1,0,0,0,0,1
21,21,Extraordinary,1,1,1,0,1,1,0,1,1,1,0
22,21,Extraordinary,0,0,1,0,1,1,1,1,1,0,0
22,21,Extraordinary,1,0,1,0,1,1,1,0,0,0,0
283,277,Extraordinary,1,0,1,0,0,1,1,0,1,1,1
22,22,Extraordinary,1,0,1,0,0,1,0,0,1,1,0
23,23,Extraordinary,1,0,1,0,1,1,0,0,0,0,1
23,23,Extraordinary,1,1,0,0,0,1,0,1,0,0,1
23,23,Extraordinary,1,0,0,0,0,1,0,1,0,1,1
23,23,Extraordinary,1,0,1,0,1,1,1,1,0,0,0
23,23,Extraordinary,1,0,0,0,0,1,1,1,0,0,1
24,23,Extraordinary,1,0,1,0,1,1,0,1,1,1,0
23,23,Extraordinary,1,1,1,0,1,1,1,1,1,0,0
24,24,Extraordinary,1,0,0,0,0,1,1,1,0,1,1
24,24,Extraordinary,0,1,1,0,1,1,0,0,0,1,0
24,24,Extraordinary,0,1,1,0,0,1,1,0,0,1,0
24,24,Extraordinary,1,0,1,0,1,1,0,0,0,1,1
25,24,Extraordinary,0,0,1,0,1,1,0,0,1,0,1
24,24,Extraordinary,0,1,1,0,0,1,1,1,1,1,0
25,25,Extraordinary,0,0,1,0,1,1,0,0,1,1,0
25,25,Extraordinary,1,1,1,0,0,1,1,1,1,1,0
25,25,Extraordinary,1,0,1,0,0,1,0,1,1,1,0
25,25,Extraordinary,1,1,1,0,1,1,0,1,0,0,1
25,25,Extraordinary,1,0,1,0,1,1,1,0,1,0,1
25,25,Extraordinary,0,1,1,0,1,1,0,0,1,0,1
28,26,Extraordinary,1,1,1,0,1,1,0,0,1,1,0
26,26,Extraordinary,0,1,1,0,1,1,1,1,0,1,0
26,26,Extraordinary,1,0,1,0,1,1,0,1,0,1,0
26,26,Extraordinary,1,0,1,0,1,1,0,1,0,0,0
26,26,Extraordinary,1,0,1,0,0,1,1,1,0,0,0
26,26,Extraordinary,0,1,0,0,0,1,1,0,0,1,0
26,26,Extraordinary,1,0,0,0,0,1,0,0,0,1,1
27,26,Extraordinary,1,0,1,0,1,1,1,0,0,0,1
26,26,Extraordinary,1,0,1,0,1,1,1,0,0,1,0
26,26,Extraordinary,0,0,1,0,1,1,0,0,0,1,1
26,26,Extraordinary,0,0,1,0,0,1,1,1,1,1,0
27,27,Extraordinary,1,0,0,0,0,1,0,1,1,0,1
28,27,Extraordinary,0,1,1,0,1,1,1,0,0,0,1
28,27,Extraordinary,1,1,1,0,1,1,0,0,1,0,1
27,27,Extraordinary,0,1,1,0,1,1,0,0,0,1,1
28,28,Extraordinary,0,0,1,0,1,1,1,0,0,0,1
28,28,Extraordinary,0,0,1,0,1,1,0,0,1,1,1
28,28,Extraordinary,1,0,1,0,1,1,1,1,1,0,1
289,284,Extraordinary,1,1,1,0,0,1,1,1,0,0,1
31,29,Extraordinary,1,1,0,0,0,1,0,0,0,0,1
29,29,Extraordinary,0,1,1,0,1,1,0,0,1,1,1
29,29,Extraordinary,0,1,0,0,0,1,1,0,0,0,1
30,30,Extraordinary,1,0,1,0,1,1,0,0,1,1,1
31,31,Extraordinary,0,1,1,0,1,1,0,1,0,1,0
32,31,Extraordinary,1,0,0,0,0,1,1,1,0,1,0
31,31,Extraordinary,0,1,0,0,0,1,0,0,1,0,1
31,31,Extraordinary,0,1,1,0,1,1,0,1,1,1,0
32,31,Extraordinary,0,0,1,0,1,1,1,1,0,0,0
31,31,Extraordinary,1,0,0,0,0,1,0,1,1,1,1
32,32,Extraordinary,0,1,0,0,0,1,0,0,0,1,1
33,32,Extraordinary,1,1,1,0,0,1,1,0,1,0,0
32,32,Extraordinary,0,1,1,0,1,1,1,0,1,0,1
32,32,Extraordinary,0,1,1,0,0,1,0,0,0,1,0
32,32,Extraordinary,1,1,1,0,1,1,1,1,0,0,1
33,32,Extraordinary,0,0,0,0,0,1,0,0,0,0,1
35,32,Extraordinary,1,1,0,0,0,1,0,1,0,1,1
32,32,Extraordinary,0,0,0,0,0,1,1,0,0,0,1
33,33,Extraordinary,1,1,1,0,0,1,0,0,1,1,0
33,33,Extraordinary,0,1,1,0,1,1,0,1,0,1,1
34,33,Extraordinary,1,0,1,0,0,1,0,1,1,0,1
35,33,Extraordinary,1,0,0,0,0,1,1,0,1,1,0
292,289,Extraordinary,0,1,1,0,0,1,1,1,1,0,1
34,34,Extraordinary,1,1,0,0,0,1,1,1,0,0,1
34,34,Extraordinary,0,0,1,0,1,1,0,1,0,0,1
35,34,Extraordinary,1,0,0,0,0,1,0,0,1,0,1
35,34,Extraordinary,0,1,1,0,1,1,0,1,0,0,1
34,34,Extraordinary,0,0,1,0,0,1,1,1,0,1,0
34,34,Extraordinary,1,1,1,0,0,1,1,1,1,0,0
34,34,Extraordinary,1,1,1,0,1,1,0,1,0,1,0
36,35,Extraordinary,0,1,1,0,0,1,1,0,0,0,0
35,35,Extraordinary,1,0,1,0,1,1,0,1,1,0,0
35,35,Extraordinary,1,0,0,0,0,1,1,0,0,0,1
35,35,Extraordinary,1,1,0,0,0,1,0,1,1,0,1
35,35,Extraordinary,1,0,1,0,0,1,0,1,1,0,0
35,35,Extraordinary,1,1,1,0,1,1,1,1,0,0,0
36,36,Extraordinary,0,1,1,0,1,1,0,1,1,0,1
36,36,Extraordinary,1,1,0,0,0,1,0,1,1,1,1
37,36,Extraordinary,1,1,0,0,0,1,0,0,1,0,1
36,36,Extraordinary,0,1,0,0,0,1,0,0,1,1,1
36,36,Extraordinary,1,1,1,0,1,1,0,0,0,1,1
36,36,Extraordinary,0,1,1,0,1,1,1,1,0,0,0
36,36,Extraordinary,0,0,1,0,1,1,1,0,1,0,1
37,37,Extraordinary,1,0,1,0,0,1,1,0,0,1,0
37,37,Extraordinary,0,0,1,0,1,1,0,0,0,1,0
38,37,Extraordinary,1,0,1,0,1,1,0,0,1,1,0
38,38,Extraordinary,0,1,0,0,0,1,0,1,0,1,1
564,550,Extraordinary,0,1,0,0,0,1,0,1,0,0,0
39,39,Extraordinary,1,1,1,0,1,1,0,1,1,0,0
39,39,Extraordinary,1,1,1,0,1,1,1,1,1,0,1
39,39,Extraordinary,0,0,0,0,0,1,1,0,0,1,0
39,39,Extraordinary,0,0,1,0,0,1,1,1,1,0,0
39,39,Extraordinary,1,0,1,0,1,1,1,1,0,1,1
42,40,Extraordinary,0,1,1,0,0,1,0,0,1,0,0
40,40,Extraordinary,1,1,1,0,1,1,1,0,0,0,0
40,40,Extraordinary,1,1,1,0,0,1,1,1,0,1,0
40,40,Extraordinary,0,1,1,0,1,1,0,1,1,1,1
41,41,Extraordinary,1,0,0,0,0,1,1,1,1,0,1
43,41,Extraordinary,0,1,1,0,1,1,1,1,1,0,0
42,41,Extraordinary,0,1,1,0,0,1,0,1,1,1,0
43,42,Extraordinary,1,0,1,0,0,1,0,1,0,1,0
43,42,Extraordinary,0,0,1,0,1,1,1,0,0,1,1
44,42,Extraordinary,0,0,1,0,1,1,0,1,0,1,1
43,43,Extraordinary,1,1,0,0,0,1,0,0,1,1,1
43,43,Extraordinary,0,0,1,0,1,1,0,1,1,1,1
44,43,Extraordinary,0,1,1,0,0,1,1,1,1,0,0
45,43,Extraordinary,0,0,1,0,0,1,1,0,0,0,0
43,43,Extraordinary,1,0,1,0,0,1,0,0,1,0,0
43,43,Extraordinary,1,1,1,0,1,1,0,0,0,1,0
45,43,Extraordinary,0,1,0,0,0,1,0,1,0,0,1
45,44,Extraordinary,1,1,1,0,1,1,1,0,1,0,1
44,44,Extraordinary,0,0,0,0,0,1,0,1,0,1,1
44,44,Extraordinary,1,0,1,0,1,1,1,0,1,1,1
45,44,Extraordinary,1,0,1,0,0,1,1,0,0,0,0
45,44,Extraordinary,0,1,1,0,0,1,1,1,0,1,0
44,44,Extraordinary,1,0,0,0,0,1,1,0,0,1,0
46,45,Extraordinary,1,0,1,0,1,1,0,0,1,0,0
46,45,Extraordinary,0,1,1,0,1,1,1,0,0,1,1
48,45,Extraordinary,0,0,0,0,0,1,0,1,0,0,1
45,45,Extraordinary,0,1,0,0,0,1,1,0,1,1,0
45,45,Extraordinary,1,0,0,0,0,1,1,1,1,1,0
45,45,Extraordinary,1,0,1,0,0,1,0,1,0,0,1
46,45,Extraordinary,0,0,1,0,0,1,0,0,1,0,0
308,301,Extraordinary,0,0,1,0,0,1,1,1,1,0,1
46,46,Extraordinary,1,0,1,0,0,1,0,0,1,0,1
46,46,Extraordinary,1,1,1,0,0,1,0,1,0,1,0
570,558,Extraordinary,0,0,0,0,0,1,0,0,1,0,0
47,47,Extraordinary,0,1,1,0,1,1,0,0,1,0,0
47,47,Extraordinary,1,1,1,0,1,1,0,0,1,0,0
47,47,Extraordinary,0,0,0,0,0,1,1,0,1,1,0
49,47,Extraordinary,1,0,0,0,0,1,1,0,1,0,1
47,47,Extraordinary,1,0,1,0,1,1,1,1,1,1,1
307,303,Extraordinary,1,0,1,0,0,1,1,1,0,1,1
304,303,Extraordinary,1,0,0,0,0,1,0,1,0,0,0
49,48,Extraordinary,1,1,1,0,1,1,1,0,0,0,1
48,48,Extraordinary,1,0,1,0,1,1,1,0,0,1,1
49,48,Extraordinary,0,0,1,0,1,1,0,1,0,1,0
49,49,Extraordinary,0,0,1,0,1,1,0,1,1,0,1
50,49,Extraordinary,1,1,1,0,0,1,0,0,1,0,0
49,49,Extraordinary,1,0,0,0,0,1,0,0,1,1,1
50,49,Extraordinary,1,1,0,0,0,1,0,0,0,1,1
50,49,Extraordinary,0,0,0,0,0,1,0,0,0,1,1
49,49,Extraordinary,1,1,1,0,0,1,1,1,0,0,0
50,49,Extraordinary,0,1,0,0,0,1,1,0,0,1,1
49,49,Extraordinary,1,0,1,0,1,1,0,0,0,1,0
50,50,Extraordinary,0,0,1,0,0,1,0,1,1,1,0
50,50,Extraordinary,0,0,0,0,0,1,1,0,1,0,1
50,50,Extraordinary,0,0,0,0,0,1,0,0,1,1,1
50,50,Extraordinary,0,0,1,0,1,1,0,1,1,1,0
51,50,Extraordinary,1,0,0,0,0,1,1,1,1,1,1
53,50,Extraordinary,0,0,1,0,1,1,1,0,1,1,1
51,51,Extraordinary,0,0,0,0,0,1,1,1,0,0,1
51,51,Extraordinary,0,0,0,0,0,1,0,0,1,0,1
53,52,Extraordinary,0,1,1,0,0,1,0,1,1,0,0
52,52,Extraordinary,0,0,0,0,0,1,1,0,0,1,1
52,52,Extraordinary,1,1,1,0,0,1,0,1,1,0,0
53,52,Extraordinary,1,0,0,0,0,1,1,0,0,1,1
54,53,Extraordinary,1,1,0,0,0,1,1,0,0,0,1
54,53,Extraordinary,0,0,1,0,1,1,1,1,0,0,1
54,53,Extraordinary,0,0,1,0,1,1,0,0,0,0,0
54,53,Extraordinary,0,1,1,0,1,1,1,1,0,0,1
580,565,Extraordinary,1,1,0,0,0,1,0,0,0,0,0
54,54,Extraordinary,0,0,1,0,0,1,1,1,0,0,0
55,54,Extraordinary,1,1,1,0,0,1,0,1,1,0,1
54,54,Extraordinary,1,1,0,0,0,1,1,1,1,1,0
55,54,Extraordinary,1,0,0,0,0,1,1,1,0,0,0
55,54,Extraordinary,0,1,1,0,0,1,0,1,0,1,0
55,55,Extraordinary,0,1,1,0,1,1,0,0,0,0,0
55,55,Extraordinary,0,0,1,0,0,1,0,0,0,1,0
55,55,Extraordinary,0,1,0,0,0,1,1,0,1,0,1
56,55,Extraordinary,0,0,0,0,0,1,1,1,0,1,0
59,56,Extraordinary,1,1,1,0,0,1,1,0,0,1,0
56,56,Extraordinary,0,0,1,0,1,1,0,0,1,0,0
317,312,Extraordinary,1,0,0,0,0,1,0,1,1,0,0
58,57,Extraordinary,1,0,1,0,0,1,0,1,1,1,1
58,57,Extraordinary,0,1,0,0,0,1,1,1,0,1,0
57,57,Extraordinary,1,1,1,0,1,1,1,1,0,1,1
58,58,Extraordinary,0,1,1,0,0,1,0,0,1,0,1
59,58,Extraordinary,1,1,1,0,0,1,1,0,0,0,0
60,59,Extraordinary,1,1,1,0,1,1,0,1,0,0,0
60,59,Extraordinary,1,1,0,0,0,1,1,1,0,1,0
59,59,Extraordinary,1,1,0,0,0,1,1,0,1,0,1
60,60,Extraordinary,0,1,0,0,0,1,0,1,1,1,1
61,61,Extraordinary,1,1,0,0,0,1,1,1,0,1,1
63,63,Extraordinary,0,1,1,0,1,1,1,0,1,1,1
63,63,Extraordinary,1,1,1,0,1,1,1,0,1,1,1
65,63,Extraordinary,0,0,1,0,1,1,1,1,0,1,1
64,64,Extraordinary,0,0,1,0,1,1,1,1,1,0,1
65,64,Extraordinary,1,0,1,0,0,1,0,1,0,1,1
64,64,Extraordinary,1,0,1,0,1,1,0,0,0,0,0
64,64,Extraordinary,0,1,1,0,0,1,1,1,0,0,0
65,65,Extraordinary,1,0,1,0,0,1,0,0,0,1,0
65,65,Extraordinary,0,1,1,0,0,1,0,0,0,0,0
67,66,Extraordinary,0,1,0,0,0,1,1,0,1,1,1
860,834,Extraordinary,0,0,0,0,0,1,0,1,1,0,0
69,67,Extraordinary,1,0,0,0,0,1,1,0,1,1,1
68,67,Extraordinary,1,1,0,0,0,1,1,0,1,1,0
67,67,Extraordinary,0,0,0,0,0,1,1,1,0,1,1
68,68,Extraordinary,1,0,0,0,0,1,1,1,1,0,0
69,68,Extraordinary,1,1,0,0,0,1,1,1,1,0,1
70,69,Extraordinary,0,1,1,0,1,1,0,1,1,0,0
71,70,Extraordinary,0,0,1,0,0,1,0,0,1,0,1
70,70,Extraordinary,0,1,0,0,0,1,1,0,0,0,0
598,582,Extraordinary,0,1,1,0,0,1,1,1,1,1,1
74,71,Extraordinary,1,1,1,0,1,1,1,1,1,1,1
331,327,Extraordinary,0,1,0,0,0,1,0,0,0,0,0
331,327,Extraordinary,0,1,0,0,0,1,0,0,1,0,0
73,72,Extraordinary,1,0,1,0,0,1,0,1,0,0,0
73,73,Extraordinary,1,1,0,0,0,1,1,0,0,1,0
73,73,Extraordinary,0,1,1,0,0,1,0,0,1,1,1
74,74,Extraordinary,1,1,1,0,1,1,1,0,0,1,1
75,74,Extraordinary,0,0,0,0,0,1,1,0,1,1,1
76,75,Extraordinary,1,1,0,0,0,1,1,0,0,1,1
76,75,Extraordinary,0,1,0,0,0,1,1,1,0,0,1
603,587,Extraordinary,0,0,1,0,0,1,1,1,1,1,1
78,76,Extraordinary,0,1,1,0,1,1,0,1,0,0,0
78,77,Extraordinary,1,1,1,0,0,1,0,0,1,0,1
78,77,Extraordinary,0,1,0,0,0,1,1,1,0,1,1
79,77,Extraordinary,0,1,0,0,0,1,0,1,1,0,1
77,77,Extraordinary,0,0,1,0,0,1,0,1,0,1,0
81,78,Extraordinary,0,0,1,0,1,1,0,1,1,0,0
81,79,Extraordinary,0,1,1,0,1,1,1,1,1,1,1
79,79,Extraordinary,0,1,1,0,1,1,1,1,0,1,1
347,335,Extraordinary,1,1,1,0,0,1,1,0,0,0,1
80,80,Extraordinary,0,0,0,0,0,1,1,0,0,0,0
82,81,Extraordinary,1,1,0,0,0,1,1,1,1,1,1
82,81,Extraordinary,1,1,1,0,0,1,0,1,0,0,1
84,82,Extraordinary,1,0,0,0,0,1,1,0,1,0,0
82,82,Extraordinary,1,1,1,0,0,1,0,0,0,1,0
83,82,Extraordinary,1,0,1,0,0,1,0,0,1,1,1
83,83,Extraordinary,0,1,1,0,1,1,1,1,1,0,1
84,83,Extraordinary,1,1,1,0,0,1,0,1,1,1,1
84,84,Extraordinary,0,0,1,0,0,1,0,0,0,0,0
84,84,Extraordinary,1,0,0,0,0,1,0,1,0,1,0
86,85,Extraordinary,0,0,0,0,0,1,1,1,1,1,0
85,85,Extraordinary,1,1,1,0,1,1,0,0,0,0,0
86,85,Extraordinary,0,1,0,0,0,1,1,1,1,1,0
346,342,Extraordinary,0,1,1,0,0,1,1,0,1,1,1
348,343,Extraordinary,0,0,1,0,0,1,1,0,1,1,1
89,88,Extraordinary,0,1,0,0,0,1,1,0,1,0,0
92,89,Extraordinary,0,1,0,0,0,1,0,0,0,1,0
91,90,Extraordinary,0,0,0,0,0,1,0,1,1,1,1
92,91,Extraordinary,0,0,1,0,0,1,0,0,0,0,1
95,91,Extraordinary,1,1,1,0,0,1,0,1,0,0,0
95,91,Extraordinary,1,1,1,0,0,1,0,0,1,1,1
631,603,Extraordinary,1,1,1,0,0,1,1,1,0,1,1
92,92,Extraordinary,0,1,1,0,0,1,0,0,0,0,1
93,92,Extraordinary,0,1,0,0,0,1,0,0,1,1,0
93,93,Extraordinary,1,1,0,0,0,1,1,0,1,1,1
632,606,Extraordinary,0,1,0,0,0,1,0,1,1,0,0
96,95,Extraordinary,1,0,0,0,0,1,1,0,0,0,0
98,96,Extraordinary,1,0,1,0,0,1,0,0,0,0,1
96,96,Extraordinary,1,0,1,0,0,1,0,0,0,0,0
98,96,Extraordinary,1,0,0,0,0,1,0,1,1,1,0
97,97,Extraordinary,0,0,0,0,0,1,1,0,1,0,0
99,99,Extraordinary,0,0,1,0,1,1,1,1,1,1,1
100,99,Extraordinary,0,0,1,0,1,1,0,1,0,0,0
100,100,Extraordinary,1,1,0,0,0,1,0,1,1,1,0
103,101,Extraordinary,1,0,1,0,0,1,1,1,1,0,1
104,102,Extraordinary,0,1,1,0,0,1,0,1,0,0,0
109,102,Extraordinary,1,1,1,0,0,1,0,1,0,1,1
104,104,Extraordinary,0,0,1,0,0,1,0,1,1,0,0
105,105,Extraordinary,0,0,0,0,0,1,1,1,0,0,0
109,105,Extraordinary,1,1,0,0,0,1,1,1,1,0,0
107,106,Extraordinary,0,0,0,0,0,1,0,1,1,0,1
108,107,Extraordinary,0,0,1,0,0,1,0,1,0,0,0
115,109,Extraordinary,0,0,1,0,0,1,0,0,1,1,1
113,111,Extraordinary,0,0,0,0,0,1,1,1,1,0,1
114,113,Extraordinary,0,1,0,0,0,1,1,1,1,1,1
114,114,Extraordinary,0,1,1,0,0,1,0,0,0,1,1
114,114,Extraordinary,0,1,0,0,0,1,1,1,1,0,1
641,626,Extraordinary,0,0,1,0,0,1,1,1,0,1,1
122,117,Extraordinary,1,1,1,0,0,1,0,0,0,0,1
117,117,Extraordinary,1,0,1,0,0,1,1,0,1,0,1
119,118,Extraordinary,1,1,0,0,0,1,1,0,0,0,0
121,119,Extraordinary,1,1,0,0,0,1,1,1,0,0,0
120,120,Extraordinary,1,1,1,0,0,1,0,0,0,0,0
391,379,Extraordinary,0,1,1,0,0,1,1,1,0,0,1
127,124,Extraordinary,1,1,0,0,0,1,1,0,1,0,0
126,124,Extraordinary,1,0,1,0,0,1,1,1,0,0,1
130,126,Extraordinary,0,1,1,0,0,1,0,1,1,0,1
130,129,Extraordinary,1,1,0,0,0,1,0,1,0,1,0
134,130,Extraordinary,0,1,1,0,0,1,0,1,0,0,1
133,131,Extraordinary,0,1,1,0,0,1,1,0,1,0,1
134,132,Extraordinary,1,0,1,0,0,1,0,0,0,1,1
139,137,Extraordinary,0,0,0,0,0,1,1,1,1,1,1
140,139,Extraordinary,0,0,0,0,0,1,0,0,1,1,0
142,139,Extraordinary,0,1,0,0,0,1,0,1,0,1,0
141,141,Extraordinary,0,0,0,0,0,1,0,0,0,1,0
146,142,Extraordinary,0,0,1,0,0,1,0,1,1,0,1
144,142,Extraordinary,0,1,1,0,0,1,0,1,1,1,1
147,144,Extraordinary,0,0,1,0,0,1,0,1,1,1,1
149,148,Extraordinary,0,0,1,0,0,1,0,0,0,1,1
162,153,Extraordinary,0,1,0,0,0,1,1,1,1,0,0
156,154,Extraordinary,0,0,1,0,0,1,0,1,0,0,1
157,154,Extraordinary,1,0,0,0,0,1,0,0,1,1,0
161,155,Extraordinary,0,1,0,0,0,1,1,1,0,0,0
681,667,Extraordinary,0,0,0,0,0,1,0,1,0,0,0
415,412,Extraordinary,1,1,0,0,0,1,0,1,1,0,0
159,158,Extraordinary,0,1,1,0,0,1,0,1,0,1,1
422,416,Extraordinary,1,1,0,0,0,1,0,1,0,0,0
168,164,Extraordinary,1,1,0,0,0,1,0,0,1,1,0
428,420,Extraordinary,1,1,1,0,0,1,1,1,1,1,1
171,167,Extraordinary,0,0,1,0,0,1,1,0,1,0,1
171,169,Extraordinary,0,0,0,0,0,1,1,1,1,0,0
171,171,Extraordinary,1,0,1,0,0,1,1,0,0,0,1
434,429,Extraordinary,0,1,1,0,0,1,1,0,0,1,1
176,174,Extraordinary,0,1,0,0,0,1,0,1,1,1,0
178,174,Extraordinary,1,1,1,0,0,1,0,0,0,1,1
183,176,Extraordinary,1,1,1,0,0,1,1,1,1,0,1
180,177,Extraordinary,1,0,0,0,0,1,0,0,0,1,0
183,178,Extraordinary,0,0,0,0,0,1,0,1,0,1,0
185,183,Extraordinary,0,0,1,0,0,1,1,0,0,0,1
192,190,Extraordinary,0,0,1,0,0,1,0,1,0,1,1
452,446,Extraordinary,0,0,1,0,0,1,1,0,0,1,1
194,191,Extraordinary,1,1,1,0,0,1,1,0,1,0,1
195,192,Extraordinary,1,1,0,0,0,1,0,0,0,1,0
733,709,Extraordinary,1,1,1,0,0,1,1,0,0,1,1
208,205,Extraordinary,0,1,1,0,0,1,1,0,0,0,1
481,471,Extraordinary,1,1,1,0,0,1,1,0,1,1,1
482,471,Extraordinary,1,1,0,0,0,1,0,0,1,0,0
480,471,Extraordinary,1,0,0,0,0,1,0,0,1,0,0
228,221,Extraordinary,0,0,0,0,0,1,0,1,1,1,0
485,478,Extraordinary,1,0,0,0,0,1,0,0,0,0,0
492,486,Extraordinary,1,0,1,0,0,1,1,0,0,1,1
237,233,Extraordinary,1,0,1,0,0,1,1,1,1,1,1
782,751,Extraordinary,0,1,1,0,0,1,1,1,0,1,1
508,499,Extraordinary,0,0,0,0,0,1,0,0,0,0,0
